snapshot_date, sku_id   , category   , warehouse , current_stock, reorder_point, reorder_qty, unit_cost, stock_value, below_reorder
2024-11-25   , SKU-00048, Beauty     , WH-Central,          3952,           150,         376,   2559.9 , 10116724.8 ,             0
2024-08-23   , SKU-00276, Office     , WH-West   ,          2406,           249,         794,   2186.78,  5261392.68,             0
2024-02-20   , SKU-00054, Toys       , WH-North  ,          4415,            66,         113,   1005.5 ,  4439282.5 ,             0
2024-03-24   , SKU-00277, Beauty     , WH-South  ,          4979,           437,         599,   2696.18, 13424280.22,             0
2024-03-11   , SKU-00157, Home       , WH-South  ,          1572,            92,         832,   1339.81,  2106181.32,             0
2024-09-17   , SKU-00173, Automotive , WH-North  ,           110,           221,        1410,   2555.55,   281110.5 ,             1
2024-11-26   , SKU-00247, Clothing   , WH-South  ,          2656,           368,         986,   2774.43,  7368886.08,             0
2024-03-11   , SKU-00286, Sports     , WH-South  ,          3362,           144,        1579,   1530.77,  5146448.74,             0
2024-06-01   , SKU-00037, Home       , WH-South  ,          2356,           229,         547,     75.97,   178985.32,             0
2024-03-16   , SKU-00018, Electronics, WH-West   ,          1114,           258,         602,     29.55,    32918.7 ,             0
2024-10-24   , SKU-00145, Automotive , WH-North  ,          4876,           133,        1504,   1787.27,  8714728.52,             0
2024-03-06   , SKU-00197, Sports     , WH-South  ,          2434,           440,         141,   2268.27,  5520969.18,             0
2024-02-10   , SKU-00197, Sports     , WH-East   ,          4748,           389,        1492,   2268.27, 10769745.96,             0
2024-04-08   , SKU-00038, Sports     , WH-North  ,          1619,           115,        1212,    307.25,   497437.75,             0
2024-01-02   , SKU-00064, Books      , WH-North  ,          3086,           254,         927,   2869.05,  8853888.3 ,             0
2024-07-31   , SKU-00105, Toys       , WH-Central,           186,           420,         346,    387.91,    72151.26,             1
2024-04-17   , SKU-00017, Sports     , WH-Central,           548,           277,        1424,   1875.95,  1028020.6 ,             0
2024-06-23   , SKU-00211, Beauty     , WH-West   ,          3037,           165,         786,    837.62,  2543851.94,             0
2024-12-23   , SKU-00197, Sports     , WH-North  ,          2009,           314,         567,   2268.27,  4556954.43,             0
2024-07-21   , SKU-00198, Toys       , WH-North  ,          3788,           205,         533,   2851.25, 10800535.0 ,             0
2024-03-09   , SKU-00084, Home       , WH-Central,           999,           401,        1305,    405.43,   405024.57,             0
2024-08-14   , SKU-00196, Clothing   , WH-South  ,           914,           342,         429,   1335.01,  1220199.14,             0
2024-10-31   , SKU-00145, Automotive , WH-South  ,          2328,           330,        1015,   1787.27,  4160764.56,             0
2024-10-30   , SKU-00291, Groceries  , WH-East   ,          4213,            97,        1256,   1293.96,  5451453.48,             0
2024-01-09   , SKU-00135, Toys       , WH-East   ,          2526,           474,        1456,   2789.24,  7045620.24,             0
2024-03-12   , SKU-00174, Sports     , WH-Central,           451,           322,        1136,   2596.61,  1171071.11,             0
2024-01-31   , SKU-00159, Toys       , WH-East   ,          1306,           169,        1099,   2347.23,  3065482.38,             0
2024-04-20   , SKU-00108, Sports     , WH-West   ,          4448,           482,        1924,   2392.44, 10641573.12,             0
2024-01-04   , SKU-00226, Office     , WH-Central,          2885,           300,         131,    954.05,  2752434.25,             0
2024-01-29   , SKU-00199, Automotive , WH-North  ,           876,            97,         439,   1638.18,  1435045.68,             0
2024-01-05   , SKU-00259, Beauty     , WH-South  ,          4058,           231,        1681,    718.91,  2917336.78,             0
2024-05-04   , SKU-00100, Automotive , WH-North  ,          2550,           179,         332,   1265.55,  3227152.5 ,             0
2024-01-20   , SKU-00258, Home       , WH-East   ,          4908,            89,        1611,   2160.25, 10602507.0 ,             0
2024-01-07   , SKU-00216, Clothing   , WH-South  ,           884,           433,         349,   1266.04,  1119179.36,             0
2024-05-15   , SKU-00064, Books      , WH-North  ,          1791,           364,        1874,   2869.05,  5138468.55,             0
2024-07-04   , SKU-00170, Groceries  , WH-West   ,           621,           203,        1904,    403.17,   250368.57,             0
2024-06-30   , SKU-00298, Office     , WH-Central,          3709,           218,        1347,   2205.63,  8180681.67,             0
2024-07-29   , SKU-00171, Groceries  , WH-West   ,          1379,            96,        1253,   1091.95,  1505799.05,             0
2024-05-20   , SKU-00222, Home       , WH-East   ,          4178,           450,        1062,    293.75,  1227287.5 ,             0
2024-04-30   , SKU-00229, Toys       , WH-Central,          1439,           279,         601,   2564.62,  3690488.18,             0
2024-03-04   , SKU-00158, Home       , WH-West   ,          3213,           462,         935,    190.03,   610566.39,             0
2024-12-18   , SKU-00296, Office     , WH-Central,           983,           329,        1961,   1589.95,  1562920.85,             0
2024-02-10   , SKU-00003, Electronics, WH-Central,          1750,            56,         963,   2470.42,  4323235.0 ,             0
2024-10-09   , SKU-00126, Toys       , WH-North  ,          4883,           321,        1139,   2211.95, 10800951.85,             0
2024-02-28   , SKU-00055, Beauty     , WH-South  ,          2247,           412,         925,   2678.99,  6019690.53,             0
2024-04-23   , SKU-00178, Groceries  , WH-East   ,          4779,           413,        1551,   2518.39, 12035385.81,             0
2024-08-17   , SKU-00101, Groceries  , WH-North  ,          4856,           332,        1854,   1970.55,  9568990.8 ,             0
2024-04-23   , SKU-00020, Office     , WH-South  ,          2188,            78,         524,   2319.23,  5074475.24,             0
2024-04-26   , SKU-00033, Groceries  , WH-East   ,          3457,           356,         342,   2496.72,  8631161.04,             0
2024-05-12   , SKU-00044, Sports     , WH-North  ,          3562,            77,        1295,   1860.7 ,  6627813.4 ,             0
2024-10-20   , SKU-00186, Office     , WH-West   ,          4523,           179,        1943,   2386.28, 10793144.44,             0
2024-12-12   , SKU-00058, Electronics, WH-Central,          3494,           416,         404,   2802.96,  9793542.24,             0
2024-12-14   , SKU-00300, Electronics, WH-Central,          3424,           164,        1345,    127.82,   437655.68,             0
2024-07-09   , SKU-00005, Books      , WH-West   ,           152,           308,         909,   2503.34,   380507.68,             1
2024-10-27   , SKU-00149, Home       , WH-South  ,          4105,            82,        1183,    314.48,  1290940.4 ,             0
2024-12-22   , SKU-00297, Office     , WH-South  ,          4243,           473,         370,   2831.97, 12016048.71,             0
2024-02-02   , SKU-00282, Beauty     , WH-North  ,          1303,           422,        1585,   1954.96,  2547312.88,             0
2024-02-27   , SKU-00182, Sports     , WH-West   ,          3940,           151,         865,    327.57,  1290625.8 ,             0
2024-06-27   , SKU-00269, Books      , WH-Central,          3534,           179,         218,   1810.9 ,  6399720.6 ,             0
2024-06-18   , SKU-00075, Automotive , WH-East   ,          2007,           196,         180,   1856.72,  3726437.04,             0
2024-08-23   , SKU-00058, Electronics, WH-East   ,          2069,           446,         620,   2802.96,  5799324.24,             0
2024-11-18   , SKU-00200, Beauty     , WH-East   ,          2238,           327,        1123,   1387.53,  3105292.14,             0
2024-10-09   , SKU-00232, Groceries  , WH-West   ,          4485,            82,         174,    358.66,  1608590.1 ,             0
2024-11-19   , SKU-00145, Automotive , WH-East   ,          1455,           341,         819,   1787.27,  2600477.85,             0
2024-08-16   , SKU-00083, Toys       , WH-North  ,          4748,           227,         552,    113.66,   539657.68,             0
2024-07-09   , SKU-00049, Clothing   , WH-East   ,          1369,            98,        1814,    407.0 ,   557183.0 ,             0
2024-12-13   , SKU-00098, Clothing   , WH-West   ,          3729,           429,        1369,   2977.32, 11102426.28,             0
2024-08-30   , SKU-00152, Office     , WH-East   ,          1465,           457,        1558,   2705.95,  3964216.75,             0
2024-04-01   , SKU-00156, Clothing   , WH-East   ,          2773,           330,         311,   1788.58,  4959732.34,             0
2024-10-31   , SKU-00021, Clothing   , WH-West   ,           247,           282,         605,   2572.96,   635521.12,             1
2024-11-20   , SKU-00026, Books      , WH-West   ,          4087,           255,         730,   2017.35,  8244909.45,             0
2024-04-13   , SKU-00223, Home       , WH-North  ,          4414,           315,        1991,   1757.48,  7757516.72,             0
2024-10-21   , SKU-00263, Clothing   , WH-North  ,          2973,           298,        1490,   2648.05,  7872652.65,             0
2024-12-20   , SKU-00179, Books      , WH-West   ,          4351,           349,        1617,   2580.13, 11226145.63,             0
2024-12-24   , SKU-00134, Beauty     , WH-Central,          1547,           229,        1177,    560.18,   866598.46,             0
2024-12-02   , SKU-00259, Beauty     , WH-North  ,           253,           105,         632,    718.91,   181884.23,             0
2024-12-24   , SKU-00203, Electronics, WH-North  ,          1642,           187,        1684,    980.78,  1610440.76,             0
2024-07-14   , SKU-00279, Groceries  , WH-East   ,          2622,           123,         396,    970.99,  2545935.78,             0
2024-09-06   , SKU-00140, Office     , WH-South  ,            43,           318,         889,    977.04,    42012.72,             1
2024-06-23   , SKU-00282, Beauty     , WH-North  ,          2185,           234,        1518,   1954.96,  4271587.6 ,             0
2024-11-24   , SKU-00065, Beauty     , WH-South  ,          2313,            99,        1307,   1227.59,  2839415.67,             0
2024-02-23   , SKU-00119, Office     , WH-Central,          2015,           309,         914,    649.3 ,  1308339.5 ,             0
2024-10-26   , SKU-00235, Home       , WH-West   ,          4327,           143,        1365,   1919.16,  8304205.32,             0
2024-12-23   , SKU-00085, Home       , WH-North  ,          2289,           301,        1110,   1061.08,  2428812.12,             0
2024-07-30   , SKU-00234, Clothing   , WH-North  ,          1668,           227,        1342,   1940.93,  3237471.24,             0
2024-03-06   , SKU-00229, Toys       , WH-South  ,          1856,           185,         444,   2564.62,  4759934.72,             0
2024-05-27   , SKU-00210, Toys       , WH-East   ,           519,           254,        1397,   1769.43,   918334.17,             0
2024-09-12   , SKU-00124, Clothing   , WH-West   ,          1969,           233,         277,   1038.4 ,  2044609.6 ,             0
2024-10-01   , SKU-00105, Toys       , WH-East   ,          2010,           420,        1521,    387.91,   779699.1 ,             0
2024-06-21   , SKU-00024, Office     , WH-West   ,          3971,           422,        1109,   1805.64,  7170196.44,             0
2024-02-13   , SKU-00026, Books      , WH-West   ,          1327,           311,        1432,   2017.35,  2677023.45,             0
2024-01-02   , SKU-00058, Electronics, WH-Central,          1298,           206,         531,   2802.96,  3638242.08,             0
2024-04-07   , SKU-00064, Books      , WH-South  ,          2883,           204,         950,   2869.05,  8271471.15,             0
2024-06-25   , SKU-00015, Clothing   , WH-West   ,           507,           330,        1109,   1948.89,   988087.23,             0
2024-03-19   , SKU-00204, Automotive , WH-South  ,          2856,           227,         287,   1091.99,  3118723.44,             0
2024-11-15   , SKU-00219, Beauty     , WH-East   ,          1123,            99,        1009,   1272.81,  1429365.63,             0
2024-03-11   , SKU-00070, Automotive , WH-East   ,           618,           406,         915,   1737.58,  1073824.44,             0
2024-08-01   , SKU-00224, Electronics, WH-West   ,          1074,            79,         548,   2858.37,  3069889.38,             0
2024-08-13   , SKU-00129, Beauty     , WH-West   ,          3970,           487,         743,   2708.89, 10754293.3 ,             0
2024-11-26   , SKU-00041, Sports     , WH-West   ,           279,           368,         795,     29.68,     8280.72,             1
2024-06-16   , SKU-00221, Office     , WH-West   ,          3105,           289,         441,   2422.93,  7523197.65,             0
2024-11-27   , SKU-00218, Groceries  , WH-Central,          4929,           136,        1518,   1013.47,  4995393.63,             0
2024-03-07   , SKU-00265, Groceries  , WH-Central,           846,           312,        1976,   1993.28,  1686314.88,             0
2024-12-28   , SKU-00262, Beauty     , WH-North  ,          1185,           252,        1512,    105.82,   125396.7 ,             0
2024-10-21   , SKU-00154, Clothing   , WH-East   ,          3291,           362,         686,   1640.95,  5400366.45,             0
2024-08-17   , SKU-00114, Books      , WH-East   ,          1218,           488,        1299,    418.43,   509647.74,             0
2024-12-21   , SKU-00220, Home       , WH-West   ,           408,           210,        1814,    982.68,   400933.44,             0
2024-03-25   , SKU-00263, Clothing   , WH-North  ,          3302,           185,        1561,   2648.05,  8743861.1 ,             0
2024-06-20   , SKU-00179, Books      , WH-East   ,          4738,           156,        1172,   2580.13, 12224655.94,             0
2024-10-23   , SKU-00117, Home       , WH-South  ,          4370,           300,         500,   2422.99, 10588466.3 ,             0
2024-11-08   , SKU-00088, Automotive , WH-Central,           795,           412,        1851,    548.15,   435779.25,             0
2024-05-24   , SKU-00007, Automotive , WH-Central,          4879,           400,         448,   2833.11, 13822743.69,             0
2024-03-26   , SKU-00165, Electronics, WH-Central,          2012,           340,         160,    530.56,  1067486.72,             0
2024-06-01   , SKU-00254, Home       , WH-Central,          4582,           464,         640,   1473.77,  6752814.14,             0
2024-06-16   , SKU-00216, Clothing   , WH-South  ,          3524,           417,        1692,   1266.04,  4461524.96,             0
2024-07-11   , SKU-00191, Groceries  , WH-East   ,          4575,           396,        1847,   2093.34,  9577030.5 ,             0
2024-09-12   , SKU-00012, Home       , WH-South  ,          3214,           418,        1680,   2102.66,  6757949.24,             0
2024-04-30   , SKU-00209, Groceries  , WH-East   ,          3210,           127,         213,   1170.76,  3758139.6 ,             0
2024-01-09   , SKU-00246, Beauty     , WH-Central,          2153,           182,         671,    410.52,   883849.56,             0
2024-01-25   , SKU-00120, Toys       , WH-East   ,          4192,           393,        1961,   2605.26, 10921249.92,             0
2024-06-13   , SKU-00295, Groceries  , WH-North  ,          3944,           289,         482,   1295.53,  5109570.32,             0
2024-10-24   , SKU-00078, Books      , WH-West   ,          1176,           230,        1207,   2405.49,  2828856.24,             0
2024-11-30   , SKU-00296, Office     , WH-South  ,           376,           435,        1783,   1589.95,   597821.2 ,             1
2024-10-24   , SKU-00039, Clothing   , WH-West   ,          1804,           217,        1885,   2972.24,  5361920.96,             0
2024-10-30   , SKU-00106, Clothing   , WH-North  ,           746,           240,         750,    531.2 ,   396275.2 ,             0
2024-03-21   , SKU-00105, Toys       , WH-Central,          3037,           291,         209,    387.91,  1178082.67,             0
2024-11-26   , SKU-00088, Automotive , WH-Central,          4397,           304,        1400,    548.15,  2410215.55,             0
2024-12-15   , SKU-00171, Groceries  , WH-South  ,          3185,           136,         844,   1091.95,  3477860.75,             0
2024-06-24   , SKU-00054, Toys       , WH-West   ,           582,           265,        1495,   1005.5 ,   585201.0 ,             0
2024-06-04   , SKU-00233, Toys       , WH-Central,          3327,           243,        1498,    120.42,   400637.34,             0
2024-01-06   , SKU-00086, Electronics, WH-South  ,          2294,           201,         673,    957.41,  2196298.54,             0
2024-08-11   , SKU-00261, Clothing   , WH-Central,          3838,           279,         113,   2289.1 ,  8785565.8 ,             0
2024-05-11   , SKU-00189, Groceries  , WH-South  ,           468,           411,        1260,   1647.26,   770917.68,             0
2024-07-01   , SKU-00008, Clothing   , WH-East   ,          3216,           446,        1481,   1260.57,  4053993.12,             0
2024-12-06   , SKU-00058, Electronics, WH-West   ,          3083,           133,         258,   2802.96,  8641525.68,             0
2024-08-28   , SKU-00178, Groceries  , WH-South  ,          2880,           111,        1771,   2518.39,  7252963.2 ,             0
2024-08-22   , SKU-00097, Electronics, WH-South  ,          4282,           484,         971,    178.14,   762795.48,             0
2024-02-16   , SKU-00246, Beauty     , WH-North  ,           205,           152,         691,    410.52,    84156.6 ,             0
2024-03-01   , SKU-00199, Automotive , WH-North  ,          3660,           481,         443,   1638.18,  5995738.8 ,             0
2024-12-22   , SKU-00225, Groceries  , WH-South  ,          2451,           242,         720,   2102.06,  5152149.06,             0
2024-04-25   , SKU-00263, Clothing   , WH-Central,          2836,           363,         350,   2648.05,  7509869.8 ,             0
2024-01-26   , SKU-00019, Office     , WH-East   ,           623,           296,         711,    330.16,   205689.68,             0
2024-10-27   , SKU-00070, Automotive , WH-West   ,          1897,           376,        1904,   1737.58,  3296189.26,             0
2024-12-25   , SKU-00158, Home       , WH-East   ,          1631,           460,        1876,    190.03,   309938.93,             0
2024-01-12   , SKU-00134, Beauty     , WH-North  ,          4179,           217,         133,    560.18,  2340992.22,             0
2024-03-24   , SKU-00185, Clothing   , WH-East   ,          4240,           331,        1488,    111.26,   471742.4 ,             0
2024-10-05   , SKU-00132, Automotive , WH-South  ,          2888,           355,        1323,    366.01,  1057036.88,             0
2024-05-13   , SKU-00078, Books      , WH-East   ,           201,           206,        1902,   2405.49,   483503.49,             1
2024-10-10   , SKU-00124, Clothing   , WH-East   ,          4563,           104,         557,   1038.4 ,  4738219.2 ,             0
2024-03-19   , SKU-00101, Groceries  , WH-East   ,           300,           390,         847,   1970.55,   591165.0 ,             1
2024-12-01   , SKU-00202, Beauty     , WH-North  ,          4173,            85,        1760,    706.61,  2948683.53,             0
2024-11-27   , SKU-00105, Toys       , WH-South  ,          1319,           292,         144,    387.91,   511653.29,             0
2024-07-02   , SKU-00117, Home       , WH-West   ,          4240,           309,         248,   2422.99, 10273477.6 ,             0
2024-08-10   , SKU-00116, Clothing   , WH-West   ,          1030,            73,        1386,   2863.53,  2949435.9 ,             0
2024-02-19   , SKU-00122, Groceries  , WH-Central,          4751,           377,        1441,    343.49,  1631920.99,             0
2024-07-13   , SKU-00142, Electronics, WH-West   ,          4550,           179,         609,   1235.92,  5623436.0 ,             0
2024-04-12   , SKU-00100, Automotive , WH-East   ,          1695,           181,        1386,   1265.55,  2145107.25,             0
2024-05-13   , SKU-00135, Toys       , WH-West   ,          1672,           290,        1899,   2789.24,  4663609.28,             0
2024-02-09   , SKU-00172, Home       , WH-West   ,          2329,           500,        1284,   2709.84,  6311217.36,             0
2024-11-06   , SKU-00246, Beauty     , WH-North  ,          3853,           359,         974,    410.52,  1581733.56,             0
2024-08-08   , SKU-00114, Books      , WH-Central,          4984,           267,         838,    418.43,  2085455.12,             0
2024-11-20   , SKU-00182, Sports     , WH-North  ,          3359,            86,        1308,    327.57,  1100307.63,             0
2024-03-18   , SKU-00119, Office     , WH-South  ,          3761,           103,        1272,    649.3 ,  2442017.3 ,             0
2024-03-03   , SKU-00177, Beauty     , WH-East   ,          3693,           146,         236,   1587.64,  5863154.52,             0
2024-12-20   , SKU-00118, Office     , WH-East   ,           319,           233,         481,   1613.37,   514665.03,             0
2024-03-25   , SKU-00191, Groceries  , WH-East   ,          2438,           480,        1733,   2093.34,  5103562.92,             0
2024-07-07   , SKU-00087, Automotive , WH-South  ,          4512,           326,        1822,   1203.54,  5430372.48,             0
2024-12-30   , SKU-00034, Sports     , WH-Central,          1687,           475,        1001,   2261.73,  3815538.51,             0
2024-07-28   , SKU-00171, Groceries  , WH-North  ,          3154,           431,        1498,   1091.95,  3444010.3 ,             0
2024-10-17   , SKU-00068, Clothing   , WH-Central,          1729,            57,         306,    716.81,  1239364.49,             0
2024-09-27   , SKU-00297, Office     , WH-South  ,          3502,           249,        1012,   2831.97,  9917558.94,             0
2024-04-27   , SKU-00059, Clothing   , WH-Central,          3818,            97,         589,   1249.94,  4772270.92,             0
2024-02-12   , SKU-00173, Automotive , WH-East   ,          1802,           364,        1903,   2555.55,  4605101.1 ,             0
2024-09-01   , SKU-00182, Sports     , WH-South  ,          3647,           307,        1334,    327.57,  1194647.79,             0
2024-02-06   , SKU-00115, Sports     , WH-Central,          1668,           112,         234,    691.35,  1153171.8 ,             0
2024-01-19   , SKU-00155, Automotive , WH-Central,           943,            54,        1379,    943.15,   889390.45,             0
2024-06-26   , SKU-00181, Clothing   , WH-West   ,          4009,           378,         731,   1352.41,  5421811.69,             0
2024-02-09   , SKU-00094, Books      , WH-South  ,          3317,           386,         932,   1040.75,  3452167.75,             0
2024-05-15   , SKU-00081, Toys       , WH-Central,           658,           196,         456,   1782.9 ,  1173148.2 ,             0
2024-05-19   , SKU-00293, Clothing   , WH-North  ,          3489,           258,        1838,    281.46,   982013.94,             0
2024-01-29   , SKU-00038, Sports     , WH-West   ,          2649,           187,        1179,    307.25,   813905.25,             0
2024-10-09   , SKU-00059, Clothing   , WH-East   ,          3540,           454,        1699,   1249.94,  4424787.6 ,             0
2024-03-23   , SKU-00235, Home       , WH-West   ,           134,           362,         941,   1919.16,   257167.44,             1
2024-07-17   , SKU-00021, Clothing   , WH-East   ,           606,            99,         492,   2572.96,  1559213.76,             0
2024-09-10   , SKU-00165, Electronics, WH-North  ,          4749,           462,         467,    530.56,  2519629.44,             0
2024-12-18   , SKU-00239, Office     , WH-East   ,          3362,           374,        1062,   2929.08,  9847566.96,             0
2024-03-14   , SKU-00104, Books      , WH-Central,          1608,           403,         547,    496.76,   798790.08,             0
2024-10-19   , SKU-00177, Beauty     , WH-Central,          4669,           477,        1774,   1587.64,  7412691.16,             0
2024-04-18   , SKU-00190, Books      , WH-West   ,          1330,           496,        1801,    557.04,   740863.2 ,             0
2024-04-16   , SKU-00221, Office     , WH-North  ,          3356,           146,         630,   2422.93,  8131353.08,             0
2024-12-04   , SKU-00159, Toys       , WH-West   ,           330,           304,        1048,   2347.23,   774585.9 ,             0
2024-09-01   , SKU-00201, Home       , WH-North  ,          4623,           230,        1428,   1590.23,  7351633.29,             0
2024-02-10   , SKU-00009, Toys       , WH-West   ,          1609,           112,        1345,    912.25,  1467810.25,             0
2024-06-05   , SKU-00147, Clothing   , WH-West   ,          3849,           226,         247,   2840.33, 10932430.17,             0
2024-08-08   , SKU-00281, Toys       , WH-West   ,          3298,           318,        1191,   1302.17,  4294556.66,             0
2024-03-13   , SKU-00206, Electronics, WH-South  ,          4658,           239,        1316,   2894.37, 13481975.46,             0
2024-12-26   , SKU-00001, Office     , WH-East   ,          4756,           388,         572,   1847.04,  8784522.24,             0
2024-11-24   , SKU-00248, Groceries  , WH-East   ,          4807,           136,         762,   1600.3 ,  7692642.1 ,             0
2024-08-08   , SKU-00194, Clothing   , WH-South  ,           603,           420,        1521,    215.32,   129837.96,             0
2024-09-08   , SKU-00067, Automotive , WH-West   ,          3973,           156,         549,   2528.21, 10044578.33,             0
2024-01-18   , SKU-00227, Home       , WH-West   ,          2835,            66,        1673,    358.24,  1015610.4 ,             0
2024-08-24   , SKU-00151, Automotive , WH-Central,          3023,           184,         710,   2357.93,  7128022.39,             0
2024-09-21   , SKU-00048, Beauty     , WH-South  ,          4249,           454,         736,   2559.9 , 10877015.1 ,             0
2024-09-12   , SKU-00167, Groceries  , WH-Central,          4827,            57,        1405,    742.03,  3581778.81,             0
2024-12-11   , SKU-00269, Books      , WH-West   ,          2995,            60,        1503,   1810.9 ,  5423645.5 ,             0
2024-08-18   , SKU-00147, Clothing   , WH-South  ,          1424,           471,         550,   2840.33,  4044629.92,             0
2024-05-16   , SKU-00074, Books      , WH-North  ,          4689,           496,        1311,   2916.99, 13677766.11,             0
2024-01-25   , SKU-00238, Home       , WH-South  ,          2730,           381,         558,   2559.8 ,  6988254.0 ,             0
2024-12-26   , SKU-00234, Clothing   , WH-South  ,          3952,           464,        1334,   1940.93,  7670555.36,             0
2024-11-16   , SKU-00078, Books      , WH-South  ,          3531,           383,         324,   2405.49,  8493785.19,             0
2024-09-20   , SKU-00126, Toys       , WH-North  ,           814,           163,        1002,   2211.95,  1800527.3 ,             0
2024-12-29   , SKU-00196, Clothing   , WH-East   ,           638,           147,        1322,   1335.01,   851736.38,             0
2024-11-14   , SKU-00181, Clothing   , WH-East   ,           718,            77,         791,   1352.41,   971030.38,             0
2024-05-04   , SKU-00292, Sports     , WH-Central,          4526,           160,        1121,    124.11,   561721.86,             0
2024-06-21   , SKU-00207, Beauty     , WH-West   ,          2845,           112,         349,   1043.78,  2969554.1 ,             0
2024-11-24   , SKU-00255, Home       , WH-West   ,          1055,           308,         963,   2683.09,  2830659.95,             0
2024-04-30   , SKU-00067, Automotive , WH-South  ,          4045,           451,        1043,   2528.21, 10226609.45,             0
2024-08-16   , SKU-00043, Automotive , WH-East   ,          2680,           481,        1200,   2190.38,  5870218.4 ,             0
2024-06-03   , SKU-00015, Clothing   , WH-West   ,          3162,           468,        1748,   1948.89,  6162390.18,             0
2024-06-19   , SKU-00213, Groceries  , WH-North  ,          2778,           335,        1143,   2119.92,  5889137.76,             0
2024-10-18   , SKU-00150, Beauty     , WH-North  ,          3606,            74,        1199,   1404.54,  5064771.24,             0
2024-03-01   , SKU-00197, Sports     , WH-South  ,          4726,           432,        1400,   2268.27, 10719844.02,             0
2024-03-13   , SKU-00219, Beauty     , WH-North  ,          2589,            57,         517,   1272.81,  3295305.09,             0
2024-03-14   , SKU-00135, Toys       , WH-South  ,          1197,           164,        1723,   2789.24,  3338720.28,             0
2024-10-29   , SKU-00021, Clothing   , WH-South  ,          2018,           109,         179,   2572.96,  5192233.28,             0
2024-02-13   , SKU-00245, Home       , WH-North  ,           181,           411,        1006,   2414.23,   436975.63,             1
2024-01-11   , SKU-00005, Books      , WH-South  ,          1712,           440,        1794,   2503.34,  4285718.08,             0
2024-08-28   , SKU-00276, Office     , WH-North  ,          3124,           217,        1796,   2186.78,  6831500.72,             0
2024-03-15   , SKU-00113, Automotive , WH-East   ,          1988,           239,        1090,   1608.08,  3196863.04,             0
2024-10-02   , SKU-00189, Groceries  , WH-North  ,          4903,           370,        1988,   1647.26,  8076515.78,             0
2024-07-27   , SKU-00071, Books      , WH-North  ,          4849,           194,        1830,     21.46,   104059.54,             0
2024-09-26   , SKU-00132, Automotive , WH-Central,          4802,           394,        1512,    366.01,  1757580.02,             0
2024-01-11   , SKU-00078, Books      , WH-East   ,          4405,            78,        1942,   2405.49, 10596183.45,             0
2024-11-30   , SKU-00115, Sports     , WH-Central,          4648,           464,        1164,    691.35,  3213394.8 ,             0
2024-05-02   , SKU-00243, Sports     , WH-Central,          2118,           482,        1047,    769.7 ,  1630224.6 ,             0
2024-04-01   , SKU-00168, Automotive , WH-North  ,          1406,           392,         907,   1414.48,  1988758.88,             0
2024-09-23   , SKU-00041, Sports     , WH-East   ,          3893,           475,         393,     29.68,   115544.24,             0
2024-03-04   , SKU-00127, Office     , WH-East   ,          2076,           317,         582,   2458.86,  5104593.36,             0
2024-12-14   , SKU-00059, Clothing   , WH-North  ,          4097,           289,        1743,   1249.94,  5121004.18,             0
2024-10-04   , SKU-00206, Electronics, WH-East   ,          1520,           282,        1422,   2894.37,  4399442.4 ,             0
2024-03-27   , SKU-00212, Beauty     , WH-West   ,          3981,           474,         959,    797.72,  3175723.32,             0
2024-01-26   , SKU-00171, Groceries  , WH-South  ,          3601,           380,        1654,   1091.95,  3932111.95,             0
2024-02-06   , SKU-00197, Sports     , WH-West   ,          3495,           145,        1646,   2268.27,  7927603.65,             0
2024-04-14   , SKU-00045, Groceries  , WH-Central,           855,           162,        1802,   2664.46,  2278113.3 ,             0
2024-01-14   , SKU-00197, Sports     , WH-West   ,          1406,           407,        1031,   2268.27,  3189187.62,             0
2024-06-30   , SKU-00181, Clothing   , WH-South  ,          3696,           125,         911,   1352.41,  4998507.36,             0
2024-10-26   , SKU-00049, Clothing   , WH-East   ,          1754,           200,         259,    407.0 ,   713878.0 ,             0
2024-03-24   , SKU-00062, Clothing   , WH-South  ,          4820,           435,         656,    405.29,  1953497.8 ,             0
2024-12-22   , SKU-00047, Groceries  , WH-Central,           448,           334,         232,   2101.92,   941660.16,             0
2024-11-07   , SKU-00253, Toys       , WH-Central,          3919,           295,         529,    325.27,  1274733.13,             0
2024-01-10   , SKU-00098, Clothing   , WH-West   ,          4632,           153,         976,   2977.32, 13790946.24,             0
2024-07-10   , SKU-00179, Books      , WH-North  ,           555,           373,         415,   2580.13,  1431972.15,             0
2024-04-30   , SKU-00249, Groceries  , WH-West   ,          2613,           445,        1750,    963.46,  2517520.98,             0
2024-03-20   , SKU-00099, Automotive , WH-North  ,           613,           254,        1996,   1606.68,   984894.84,             0
2024-04-23   , SKU-00138, Beauty     , WH-West   ,          2869,           117,        1098,   1116.02,  3201861.38,             0
2024-08-26   , SKU-00049, Clothing   , WH-East   ,           486,           431,        1669,    407.0 ,   197802.0 ,             0
2024-05-11   , SKU-00148, Home       , WH-West   ,          3346,           301,        1608,    106.52,   356415.92,             0
2024-02-16   , SKU-00206, Electronics, WH-South  ,          3347,           486,        1341,   2894.37,  9687456.39,             0
2024-01-03   , SKU-00070, Automotive , WH-East   ,          1549,           162,         337,   1737.58,  2691511.42,             0
2024-04-24   , SKU-00124, Clothing   , WH-South  ,          1208,           130,        1428,   1038.4 ,  1254387.2 ,             0
2024-12-25   , SKU-00134, Beauty     , WH-East   ,           449,           265,        1613,    560.18,   251520.82,             0
2024-06-08   , SKU-00242, Home       , WH-West   ,          1380,           281,         252,   2227.41,  3073825.8 ,             0
2024-05-08   , SKU-00186, Office     , WH-North  ,          3313,           284,         472,   2386.28,  7905745.64,             0
2024-06-05   , SKU-00029, Office     , WH-South  ,          1212,            92,        1098,    267.37,   324052.44,             0
2024-09-19   , SKU-00075, Automotive , WH-North  ,          1971,           194,         485,   1856.72,  3659595.12,             0
2024-10-15   , SKU-00297, Office     , WH-West   ,          4224,           243,        1982,   2831.97, 11962241.28,             0
2024-02-24   , SKU-00234, Clothing   , WH-North  ,          4869,           267,         387,   1940.93,  9450388.17,             0
2024-12-24   , SKU-00218, Groceries  , WH-North  ,          3411,           435,        1667,   1013.47,  3456946.17,             0
2024-08-16   , SKU-00216, Clothing   , WH-South  ,           894,           145,         755,   1266.04,  1131839.76,             0
2024-03-07   , SKU-00231, Office     , WH-West   ,          1432,           171,         682,   1374.99,  1968985.68,             0
2024-07-14   , SKU-00188, Sports     , WH-North  ,          1991,           103,         599,   1372.17,  2731990.47,             0
2024-05-31   , SKU-00102, Beauty     , WH-North  ,           983,           137,        1436,   1819.11,  1788185.13,             0
2024-05-20   , SKU-00142, Electronics, WH-East   ,            60,           197,         139,   1235.92,    74155.2 ,             1
2024-05-08   , SKU-00164, Office     , WH-East   ,          1867,           124,        1604,    355.67,   664035.89,             0
2024-04-11   , SKU-00069, Office     , WH-West   ,          1734,           464,        1132,    623.99,  1081998.66,             0
2024-04-17   , SKU-00237, Books      , WH-East   ,          4953,           241,         804,    843.42,  4177459.26,             0
2024-08-10   , SKU-00296, Office     , WH-East   ,          3349,            71,        1262,   1589.95,  5324742.55,             0
2024-09-30   , SKU-00034, Sports     , WH-North  ,          3595,           133,        1975,   2261.73,  8130919.35,             0
2024-09-07   , SKU-00015, Clothing   , WH-South  ,          1571,           457,         641,   1948.89,  3061706.19,             0
2024-09-14   , SKU-00244, Books      , WH-South  ,           440,           243,        1986,   1909.52,   840188.8 ,             0
2024-08-10   , SKU-00156, Clothing   , WH-South  ,          3709,           455,         723,   1788.58,  6633843.22,             0
2024-10-22   , SKU-00170, Groceries  , WH-East   ,          1916,            96,         548,    403.17,   772473.72,             0
2024-11-17   , SKU-00116, Clothing   , WH-East   ,           912,           312,         493,   2863.53,  2611539.36,             0
2024-03-14   , SKU-00084, Home       , WH-South  ,           308,           345,        1449,    405.43,   124872.44,             1
2024-09-30   , SKU-00223, Home       , WH-South  ,          3109,           199,        1955,   1757.48,  5464005.32,             0
2024-08-07   , SKU-00212, Beauty     , WH-South  ,          3781,           457,         651,    797.72,  3016179.32,             0
2024-01-07   , SKU-00016, Sports     , WH-West   ,          2788,           355,        1956,    632.96,  1764692.48,             0
2024-03-04   , SKU-00069, Office     , WH-Central,          2874,           308,         299,    623.99,  1793347.26,             0
2024-09-25   , SKU-00064, Books      , WH-Central,          3695,           249,         891,   2869.05, 10601139.75,             0
2024-08-24   , SKU-00197, Sports     , WH-North  ,          2084,           139,        1182,   2268.27,  4727074.68,             0
2024-01-17   , SKU-00162, Groceries  , WH-East   ,           776,           354,         184,   1087.46,   843868.96,             0
2024-01-23   , SKU-00112, Home       , WH-West   ,          4111,           428,         957,    737.92,  3033589.12,             0
2024-09-17   , SKU-00146, Toys       , WH-Central,          1677,           175,        1278,   2117.53,  3551097.81,             0
2024-10-06   , SKU-00034, Sports     , WH-West   ,          2107,           192,         474,   2261.73,  4765465.11,             0
2024-03-19   , SKU-00083, Toys       , WH-South  ,          3961,           276,        1229,    113.66,   450207.26,             0
2024-03-19   , SKU-00059, Clothing   , WH-Central,           646,           269,        1785,   1249.94,   807461.24,             0
2024-02-05   , SKU-00128, Automotive , WH-Central,          3059,           460,         313,   2382.49,  7288036.91,             0
2024-09-19   , SKU-00226, Office     , WH-Central,          1805,           125,        1094,    954.05,  1722060.25,             0
2024-01-06   , SKU-00029, Office     , WH-West   ,          4282,           139,        1192,    267.37,  1144878.34,             0
2024-12-05   , SKU-00127, Office     , WH-North  ,          1987,           405,        1738,   2458.86,  4885754.82,             0
2024-02-05   , SKU-00155, Automotive , WH-East   ,          3891,           163,        1196,    943.15,  3669796.65,             0
2024-02-08   , SKU-00150, Beauty     , WH-South  ,           413,           268,        1233,   1404.54,   580075.02,             0
2024-07-11   , SKU-00178, Groceries  , WH-East   ,          3722,           374,        1250,   2518.39,  9373447.58,             0
2024-03-20   , SKU-00134, Beauty     , WH-South  ,          2958,           134,        1728,    560.18,  1657012.44,             0
2024-07-18   , SKU-00126, Toys       , WH-East   ,            92,           113,        1728,   2211.95,   203499.4 ,             1
2024-01-17   , SKU-00118, Office     , WH-West   ,           150,           158,        1799,   1613.37,   242005.5 ,             1
2024-12-14   , SKU-00174, Sports     , WH-Central,          3265,           204,         555,   2596.61,  8477931.65,             0
2024-10-27   , SKU-00059, Clothing   , WH-South  ,          3542,           256,         549,   1249.94,  4427287.48,             0
2024-08-19   , SKU-00244, Books      , WH-West   ,          3432,           114,         437,   1909.52,  6553472.64,             0
2024-04-01   , SKU-00057, Clothing   , WH-West   ,           542,           367,         318,    801.62,   434478.04,             0
2024-07-25   , SKU-00083, Toys       , WH-Central,          4670,           146,        1136,    113.66,   530792.2 ,             0
2024-04-03   , SKU-00182, Sports     , WH-East   ,          2346,           284,         624,    327.57,   768479.22,             0
2024-11-17   , SKU-00132, Automotive , WH-South  ,          4212,           402,         704,    366.01,  1541634.12,             0
2024-02-01   , SKU-00156, Clothing   , WH-West   ,           976,           202,         198,   1788.58,  1745654.08,             0
2024-05-30   , SKU-00037, Home       , WH-West   ,          1572,           411,        1689,     75.97,   119424.84,             0
2024-01-08   , SKU-00086, Electronics, WH-East   ,          3838,           186,        1945,    957.41,  3674539.58,             0
2024-05-26   , SKU-00300, Electronics, WH-East   ,           311,           299,        1902,    127.82,    39752.02,             0
2024-09-17   , SKU-00196, Clothing   , WH-South  ,          1382,           454,         272,   1335.01,  1844983.82,             0
2024-12-03   , SKU-00212, Beauty     , WH-South  ,          2269,           178,         337,    797.72,  1810026.68,             0
2024-12-09   , SKU-00201, Home       , WH-South  ,          1940,           207,         249,   1590.23,  3085046.2 ,             0
2024-05-13   , SKU-00151, Automotive , WH-West   ,          3907,           399,        1339,   2357.93,  9212432.51,             0
2024-12-04   , SKU-00076, Beauty     , WH-West   ,          2004,           290,         786,   2908.64,  5828914.56,             0
2024-07-07   , SKU-00079, Sports     , WH-East   ,          3353,           197,        1650,   2811.32,  9426355.96,             0
2024-08-25   , SKU-00134, Beauty     , WH-West   ,          1639,           136,        1357,    560.18,   918135.02,             0
2024-04-26   , SKU-00002, Office     , WH-West   ,          3403,           430,         618,   2473.48,  8417252.44,             0
2024-07-30   , SKU-00214, Office     , WH-South  ,          3524,           421,        1386,   1649.91,  5814282.84,             0
2024-07-27   , SKU-00121, Sports     , WH-West   ,          4715,           446,        1328,    750.73,  3539691.95,             0
2024-07-14   , SKU-00078, Books      , WH-West   ,          2941,            94,         821,   2405.49,  7074546.09,             0
2024-10-31   , SKU-00202, Beauty     , WH-East   ,           853,           184,        1190,    706.61,   602738.33,             0
2024-04-09   , SKU-00290, Clothing   , WH-Central,          2542,            90,         156,    819.21,  2082431.82,             0
2024-07-20   , SKU-00072, Toys       , WH-North  ,          4092,           145,        1701,   2351.98,  9624302.16,             0
2024-07-08   , SKU-00064, Books      , WH-South  ,           819,           395,        1441,   2869.05,  2349751.95,             0
2024-02-20   , SKU-00034, Sports     , WH-West   ,          3488,            70,         766,   2261.73,  7888914.24,             0
2024-08-27   , SKU-00103, Clothing   , WH-Central,            71,           263,         404,    884.89,    62827.19,             1
2024-11-24   , SKU-00147, Clothing   , WH-North  ,           761,            76,        1532,   2840.33,  2161491.13,             0
2024-12-12   , SKU-00063, Office     , WH-North  ,           716,           432,        1239,    797.43,   570959.88,             0
2024-06-28   , SKU-00153, Electronics, WH-North  ,          3725,           347,         260,   1256.28,  4679643.0 ,             0
2024-06-16   , SKU-00089, Office     , WH-North  ,          2134,           334,         888,   1120.12,  2390336.08,             0
2024-04-08   , SKU-00159, Toys       , WH-East   ,          3904,           136,         816,   2347.23,  9163585.92,             0
2024-06-01   , SKU-00189, Groceries  , WH-Central,          2675,           167,         385,   1647.26,  4406420.5 ,             0
2024-07-18   , SKU-00077, Beauty     , WH-East   ,          2457,           403,        1258,   2806.17,  6894759.69,             0
2024-10-19   , SKU-00250, Home       , WH-South  ,          2429,           401,        1302,   2259.21,  5487621.09,             0
2024-12-02   , SKU-00137, Sports     , WH-West   ,          2440,           144,         721,   1150.77,  2807878.8 ,             0
2024-11-01   , SKU-00022, Sports     , WH-North  ,          2334,           291,         760,   1891.03,  4413664.02,             0
2024-10-06   , SKU-00184, Clothing   , WH-Central,          2300,           464,         505,   1788.84,  4114332.0 ,             0
2024-10-13   , SKU-00143, Toys       , WH-East   ,           284,            90,         743,   1997.85,   567389.4 ,             0
2024-03-12   , SKU-00116, Clothing   , WH-South  ,          3820,           223,        1816,   2863.53, 10938684.6 ,             0
2024-10-23   , SKU-00110, Toys       , WH-North  ,          2265,           463,         957,    749.9 ,  1698523.5 ,             0
2024-11-17   , SKU-00096, Toys       , WH-South  ,          2244,           208,        1415,   1070.37,  2401910.28,             0
2024-10-27   , SKU-00026, Books      , WH-North  ,          2175,           324,         881,   2017.35,  4387736.25,             0
2024-08-04   , SKU-00178, Groceries  , WH-South  ,          3848,           454,         556,   2518.39,  9690764.72,             0
2024-09-30   , SKU-00102, Beauty     , WH-West   ,           875,           468,         871,   1819.11,  1591721.25,             0
2024-08-06   , SKU-00291, Groceries  , WH-South  ,          1131,           362,         193,   1293.96,  1463468.76,             0
2024-06-06   , SKU-00175, Beauty     , WH-West   ,          4693,           395,        1696,   1328.67,  6235448.31,             0
2024-11-27   , SKU-00226, Office     , WH-Central,          2203,           457,        1672,    954.05,  2101772.15,             0
2024-09-29   , SKU-00290, Clothing   , WH-North  ,          3881,           429,        1061,    819.21,  3179354.01,             0
2024-07-01   , SKU-00290, Clothing   , WH-West   ,          3056,           172,        1284,    819.21,  2503505.76,             0
2024-10-23   , SKU-00174, Sports     , WH-North  ,          1319,           324,         557,   2596.61,  3424928.59,             0
2024-07-09   , SKU-00257, Electronics, WH-North  ,          3941,           410,         518,    539.72,  2127036.52,             0
2024-01-23   , SKU-00016, Sports     , WH-Central,          4468,           124,        1640,    632.96,  2828065.28,             0
2024-11-15   , SKU-00219, Beauty     , WH-East   ,          4382,           171,        1605,   1272.81,  5577453.42,             0
2024-01-14   , SKU-00187, Toys       , WH-Central,          3735,           299,        1692,   1839.39,  6870121.65,             0
2024-12-04   , SKU-00022, Sports     , WH-East   ,           713,           248,         899,   1891.03,  1348304.39,             0
2024-08-10   , SKU-00030, Groceries  , WH-East   ,          4097,           263,         837,    525.08,  2151252.76,             0
2024-01-30   , SKU-00029, Office     , WH-Central,          4115,           225,         868,    267.37,  1100227.55,             0
2024-09-23   , SKU-00050, Electronics, WH-South  ,          1671,           293,         442,   2731.68,  4564637.28,             0
2024-03-01   , SKU-00188, Sports     , WH-West   ,          4107,           233,         306,   1372.17,  5635502.19,             0
2024-10-02   , SKU-00038, Sports     , WH-South  ,           701,           127,        1000,    307.25,   215382.25,             0
2024-02-04   , SKU-00267, Electronics, WH-East   ,          4888,           164,         589,    857.18,  4189895.84,             0
2024-10-06   , SKU-00087, Automotive , WH-Central,          3641,           290,         412,   1203.54,  4382089.14,             0
2024-12-30   , SKU-00238, Home       , WH-Central,          3393,           198,        1114,   2559.8 ,  8685401.4 ,             0
2024-01-01   , SKU-00185, Clothing   , WH-West   ,          3296,            74,         123,    111.26,   366712.96,             0
2024-04-08   , SKU-00255, Home       , WH-North  ,          1128,           247,         631,   2683.09,  3026525.52,             0
2024-11-18   , SKU-00227, Home       , WH-West   ,           335,           234,         445,    358.24,   120010.4 ,             0
2024-07-03   , SKU-00126, Toys       , WH-East   ,          2399,           161,         184,   2211.95,  5306468.05,             0
2024-12-02   , SKU-00265, Groceries  , WH-Central,           341,           408,         652,   1993.28,   679708.48,             1
2024-02-08   , SKU-00032, Books      , WH-West   ,          4010,           482,        1651,   2714.22, 10884022.2 ,             0
2024-05-27   , SKU-00062, Clothing   , WH-West   ,          3205,           343,         577,    405.29,  1298954.45,             0
2024-08-11   , SKU-00191, Groceries  , WH-West   ,          4150,            95,         421,   2093.34,  8687361.0 ,             0
2024-08-30   , SKU-00033, Groceries  , WH-Central,           984,           132,         252,   2496.72,  2456772.48,             0
2024-01-20   , SKU-00171, Groceries  , WH-North  ,           101,            61,        1145,   1091.95,   110286.95,             0
2024-04-13   , SKU-00132, Automotive , WH-West   ,           296,           390,         517,    366.01,   108338.96,             1
2024-11-18   , SKU-00102, Beauty     , WH-North  ,           885,           499,        1257,   1819.11,  1609912.35,             0
2024-04-01   , SKU-00209, Groceries  , WH-North  ,          3655,           197,        1278,   1170.76,  4279127.8 ,             0
2024-11-28   , SKU-00224, Electronics, WH-Central,          4727,           444,         854,   2858.37, 13511514.99,             0
2024-08-25   , SKU-00206, Electronics, WH-Central,          2166,            51,        1378,   2894.37,  6269205.42,             0
2024-04-29   , SKU-00204, Automotive , WH-East   ,           221,           415,        1869,   1091.99,   241329.79,             1
2024-03-21   , SKU-00211, Beauty     , WH-South  ,          4827,           144,        1563,    837.62,  4043191.74,             0
2024-05-09   , SKU-00225, Groceries  , WH-North  ,          2427,           435,        1046,   2102.06,  5101699.62,             0
2024-11-09   , SKU-00082, Beauty     , WH-South  ,           406,           289,         912,   2134.11,   866448.66,             0
2024-02-22   , SKU-00149, Home       , WH-South  ,          3191,           282,        1620,    314.48,  1003505.68,             0
2024-04-25   , SKU-00199, Automotive , WH-West   ,          4704,           338,         935,   1638.18,  7705998.72,             0
2024-12-24   , SKU-00058, Electronics, WH-South  ,          2678,           463,        1816,   2802.96,  7506326.88,             0
2024-02-16   , SKU-00258, Home       , WH-North  ,          3415,            77,        1715,   2160.25,  7377253.75,             0
2024-01-05   , SKU-00163, Clothing   , WH-South  ,           113,           381,        1377,   2165.19,   244666.47,             1
2024-01-22   , SKU-00174, Sports     , WH-West   ,          2657,           331,        1437,   2596.61,  6899192.77,             0
2024-10-01   , SKU-00015, Clothing   , WH-North  ,          4756,           481,         379,   1948.89,  9268920.84,             0
2024-06-29   , SKU-00101, Groceries  , WH-East   ,          4389,           296,         489,   1970.55,  8648743.95,             0
2024-10-16   , SKU-00068, Clothing   , WH-South  ,          3073,           218,         837,    716.81,  2202757.13,             0
2024-03-12   , SKU-00165, Electronics, WH-West   ,          4357,           227,         543,    530.56,  2311649.92,             0
2024-03-07   , SKU-00243, Sports     , WH-West   ,          2409,           224,        1698,    769.7 ,  1854207.3 ,             0
2024-06-05   , SKU-00022, Sports     , WH-East   ,            66,           336,        1784,   1891.03,   124807.98,             1
2024-12-18   , SKU-00177, Beauty     , WH-East   ,          1537,           323,         372,   1587.64,  2440202.68,             0
2024-11-04   , SKU-00231, Office     , WH-South  ,           491,           175,         867,   1374.99,   675120.09,             0
2024-08-06   , SKU-00158, Home       , WH-North  ,          1825,           291,        1365,    190.03,   346804.75,             0
2024-10-21   , SKU-00026, Books      , WH-West   ,          3062,           490,         807,   2017.35,  6177125.7 ,             0
2024-10-30   , SKU-00005, Books      , WH-South  ,           565,           370,        1451,   2503.34,  1414387.1 ,             0
2024-02-19   , SKU-00085, Home       , WH-West   ,          1115,           359,         931,   1061.08,  1183104.2 ,             0
2024-06-14   , SKU-00216, Clothing   , WH-West   ,          2184,           271,         427,   1266.04,  2765031.36,             0
2024-01-04   , SKU-00085, Home       , WH-East   ,          2285,           298,         438,   1061.08,  2424567.8 ,             0
2024-11-22   , SKU-00143, Toys       , WH-Central,          4595,           198,         520,   1997.85,  9180120.75,             0
2024-08-22   , SKU-00194, Clothing   , WH-East   ,          4219,           304,        1688,    215.32,   908435.08,             0
2024-09-27   , SKU-00231, Office     , WH-East   ,          1510,           463,         822,   1374.99,  2076234.9 ,             0
2024-09-25   , SKU-00261, Clothing   , WH-Central,           744,            70,        1813,   2289.1 ,  1703090.4 ,             0
2024-02-29   , SKU-00194, Clothing   , WH-West   ,          3391,           122,         740,    215.32,   730150.12,             0
2024-02-07   , SKU-00248, Groceries  , WH-North  ,          3160,            60,         898,   1600.3 ,  5056948.0 ,             0
2024-02-10   , SKU-00210, Toys       , WH-Central,          2322,            78,         606,   1769.43,  4108616.46,             0
2024-06-05   , SKU-00050, Electronics, WH-Central,           238,           181,         437,   2731.68,   650139.84,             0
2024-08-31   , SKU-00051, Office     , WH-West   ,          1018,           155,        1867,   2810.85,  2861445.3 ,             0
2024-09-23   , SKU-00285, Toys       , WH-North  ,          2157,           273,         738,   2599.41,  5606927.37,             0
2024-10-25   , SKU-00043, Automotive , WH-Central,          4383,           109,        1979,   2190.38,  9600435.54,             0
2024-05-01   , SKU-00278, Clothing   , WH-South  ,          3871,           344,         298,   1179.48,  4565767.08,             0
2024-11-02   , SKU-00098, Clothing   , WH-South  ,          2785,           391,         234,   2977.32,  8291836.2 ,             0
2024-07-15   , SKU-00227, Home       , WH-North  ,          4730,           235,         850,    358.24,  1694475.2 ,             0
2024-01-06   , SKU-00008, Clothing   , WH-Central,          4567,           149,         973,   1260.57,  5757023.19,             0
2024-03-21   , SKU-00238, Home       , WH-East   ,          1814,           232,        1105,   2559.8 ,  4643477.2 ,             0
2024-02-26   , SKU-00218, Groceries  , WH-East   ,          4504,           266,         350,   1013.47,  4564668.88,             0
2024-07-15   , SKU-00062, Clothing   , WH-South  ,          2821,           230,         197,    405.29,  1143323.09,             0
2024-08-12   , SKU-00220, Home       , WH-East   ,          3907,           127,        1651,    982.68,  3839330.76,             0
2024-06-22   , SKU-00263, Clothing   , WH-West   ,          2994,           291,         977,   2648.05,  7928261.7 ,             0
2024-04-26   , SKU-00247, Clothing   , WH-Central,          3529,           103,        1233,   2774.43,  9790963.47,             0
2024-06-17   , SKU-00289, Sports     , WH-South  ,          1333,           464,         460,   2202.6 ,  2936065.8 ,             0
2024-09-25   , SKU-00009, Toys       , WH-Central,          1088,           453,        1304,    912.25,   992528.0 ,             0
2024-10-19   , SKU-00263, Clothing   , WH-Central,          3257,           356,        1531,   2648.05,  8624698.85,             0
2024-01-19   , SKU-00282, Beauty     , WH-Central,          1340,            55,         204,   1954.96,  2619646.4 ,             0
2024-03-10   , SKU-00287, Home       , WH-Central,          2048,            56,         939,    631.88,  1294090.24,             0
2024-10-14   , SKU-00251, Sports     , WH-West   ,          3593,           288,        1371,   1785.66,  6415876.38,             0
2024-12-03   , SKU-00153, Electronics, WH-West   ,           587,           266,         284,   1256.28,   737436.36,             0
2024-04-13   , SKU-00055, Beauty     , WH-East   ,          2735,           245,        1372,   2678.99,  7327037.65,             0
2024-10-26   , SKU-00211, Beauty     , WH-Central,            31,           180,        1223,    837.62,    25966.22,             1
2024-01-28   , SKU-00222, Home       , WH-North  ,           875,           481,        1838,    293.75,   257031.25,             0
2024-04-14   , SKU-00144, Home       , WH-West   ,          4188,            62,         832,    137.05,   573965.4 ,             0
2024-01-18   , SKU-00231, Office     , WH-East   ,          2954,           382,         797,   1374.99,  4061720.46,             0
2024-07-28   , SKU-00134, Beauty     , WH-Central,           788,           220,        1856,    560.18,   441421.84,             0
2024-01-17   , SKU-00293, Clothing   , WH-Central,           543,           139,        1974,    281.46,   152832.78,             0
2024-10-20   , SKU-00292, Sports     , WH-Central,          2502,           144,         721,    124.11,   310523.22,             0
2024-11-26   , SKU-00186, Office     , WH-West   ,          3943,            97,         506,   2386.28,  9409102.04,             0
2024-10-28   , SKU-00114, Books      , WH-Central,          1094,           337,        1833,    418.43,   457762.42,             0
2024-11-14   , SKU-00074, Books      , WH-East   ,          1328,           154,        1345,   2916.99,  3873762.72,             0
2024-01-17   , SKU-00054, Toys       , WH-East   ,          3819,            64,        1032,   1005.5 ,  3840004.5 ,             0
2024-04-05   , SKU-00290, Clothing   , WH-East   ,          1380,           450,         402,    819.21,  1130509.8 ,             0
2024-06-09   , SKU-00004, Groceries  , WH-North  ,          2725,           478,        1230,   2414.5 ,  6579512.5 ,             0
2024-01-18   , SKU-00081, Toys       , WH-North  ,           790,           149,        1537,   1782.9 ,  1408491.0 ,             0
2024-07-02   , SKU-00291, Groceries  , WH-Central,          1589,           138,        1692,   1293.96,  2056102.44,             0
2024-11-23   , SKU-00136, Office     , WH-West   ,          3491,           299,         278,   1152.74,  4024215.34,             0
2024-07-02   , SKU-00231, Office     , WH-West   ,          4330,           415,        1117,   1374.99,  5953706.7 ,             0
2024-03-21   , SKU-00019, Office     , WH-South  ,          2869,           137,         155,    330.16,   947229.04,             0
2024-01-15   , SKU-00284, Beauty     , WH-Central,           140,           233,         559,   2188.02,   306322.8 ,             1
2024-12-09   , SKU-00155, Automotive , WH-North  ,           278,           321,         401,    943.15,   262195.7 ,             1
2024-03-20   , SKU-00194, Clothing   , WH-South  ,          1968,           159,        1850,    215.32,   423749.76,             0
2024-05-04   , SKU-00109, Clothing   , WH-East   ,           667,           462,         863,   2951.82,  1968863.94,             0
2024-01-27   , SKU-00140, Office     , WH-West   ,          2943,           436,         246,    977.04,  2875428.72,             0
2024-01-25   , SKU-00015, Clothing   , WH-West   ,          4971,           105,        1470,   1948.89,  9687932.19,             0
2024-12-29   , SKU-00138, Beauty     , WH-North  ,          3046,           352,        1365,   1116.02,  3399396.92,             0
2024-09-06   , SKU-00207, Beauty     , WH-East   ,          2552,           411,        1940,   1043.78,  2663726.56,             0
2024-08-20   , SKU-00010, Office     , WH-North  ,          4024,           427,        1389,    182.17,   733052.08,             0
2024-09-19   , SKU-00294, Beauty     , WH-Central,          2430,           362,         239,    122.78,   298355.4 ,             0
2024-11-18   , SKU-00271, Home       , WH-West   ,          3288,           137,        1058,   1037.38,  3410905.44,             0
2024-06-02   , SKU-00106, Clothing   , WH-Central,          2080,            84,         315,    531.2 ,  1104896.0 ,             0
2024-09-01   , SKU-00283, Sports     , WH-South  ,          4409,           379,        1680,   1898.21,  8369207.89,             0
2024-06-12   , SKU-00119, Office     , WH-North  ,           165,           192,        1463,    649.3 ,   107134.5 ,             1
2024-09-25   , SKU-00145, Automotive , WH-East   ,            38,           109,         687,   1787.27,    67916.26,             1
2024-03-16   , SKU-00100, Automotive , WH-South  ,          4852,            82,         477,   1265.55,  6140448.6 ,             0
2024-11-14   , SKU-00077, Beauty     , WH-North  ,          4377,           111,        1461,   2806.17, 12282606.09,             0
2024-08-05   , SKU-00136, Office     , WH-Central,          4816,           419,         936,   1152.74,  5551595.84,             0
2024-09-02   , SKU-00217, Sports     , WH-South  ,          2154,            75,         645,   2933.99,  6319814.46,             0
2024-10-09   , SKU-00069, Office     , WH-East   ,           857,           397,         499,    623.99,   534759.43,             0
2024-06-01   , SKU-00137, Sports     , WH-East   ,          2571,           341,        1446,   1150.77,  2958629.67,             0
2024-10-13   , SKU-00171, Groceries  , WH-Central,          1051,           464,        1060,   1091.95,  1147639.45,             0
2024-12-14   , SKU-00113, Automotive , WH-East   ,           563,           423,        1905,   1608.08,   905349.04,             0
2024-10-29   , SKU-00239, Office     , WH-South  ,          3215,           340,         591,   2929.08,  9416992.2 ,             0
2024-07-28   , SKU-00001, Office     , WH-Central,          2274,           348,         218,   1847.04,  4200168.96,             0
2024-11-29   , SKU-00038, Sports     , WH-Central,          2365,           161,        1220,    307.25,   726646.25,             0
2024-11-02   , SKU-00263, Clothing   , WH-Central,          1941,           193,        1292,   2648.05,  5139865.05,             0
2024-02-07   , SKU-00020, Office     , WH-North  ,          1147,           393,         666,   2319.23,  2660156.81,             0
2024-10-12   , SKU-00059, Clothing   , WH-West   ,          2784,            96,         296,   1249.94,  3479832.96,             0
2024-09-25   , SKU-00028, Electronics, WH-Central,          3218,           271,        1958,    343.48,  1105318.64,             0
2024-08-30   , SKU-00160, Automotive , WH-Central,          2010,           389,         594,   1710.14,  3437381.4 ,             0
2024-07-05   , SKU-00013, Home       , WH-North  ,          1916,           368,         648,   2256.9 ,  4324220.4 ,             0
2024-03-28   , SKU-00058, Electronics, WH-West   ,          1269,           182,        1753,   2802.96,  3556956.24,             0
2024-11-13   , SKU-00195, Books      , WH-Central,           229,            59,         681,   2673.97,   612339.13,             0
2024-06-10   , SKU-00057, Clothing   , WH-East   ,          4314,           414,        1407,    801.62,  3458188.68,             0
2024-09-08   , SKU-00232, Groceries  , WH-East   ,          3532,           259,        1977,    358.66,  1266787.12,             0
2024-07-30   , SKU-00133, Groceries  , WH-West   ,          1484,           142,        1044,    266.97,   396183.48,             0
2024-07-13   , SKU-00089, Office     , WH-South  ,          2322,           351,        1794,   1120.12,  2600918.64,             0
2024-12-14   , SKU-00034, Sports     , WH-Central,           978,           289,        1932,   2261.73,  2211971.94,             0
2024-05-17   , SKU-00169, Home       , WH-East   ,          1588,           415,         623,    123.7 ,   196435.6 ,             0
2024-02-28   , SKU-00052, Sports     , WH-Central,          4992,           228,         684,    666.12,  3325271.04,             0
2024-03-12   , SKU-00106, Clothing   , WH-South  ,          1522,           241,         388,    531.2 ,   808486.4 ,             0
2024-06-26   , SKU-00232, Groceries  , WH-South  ,          4288,           247,         152,    358.66,  1537934.08,             0
2024-08-25   , SKU-00242, Home       , WH-North  ,           863,           446,         938,   2227.41,  1922254.83,             0
2024-11-27   , SKU-00099, Automotive , WH-West   ,          3820,           388,         665,   1606.68,  6137517.6 ,             0
2024-05-30   , SKU-00139, Beauty     , WH-Central,          4422,           121,         245,    285.56,  1262746.32,             0
2024-02-22   , SKU-00200, Beauty     , WH-South  ,          4406,           229,        1313,   1387.53,  6113457.18,             0
2024-10-12   , SKU-00134, Beauty     , WH-Central,            60,           122,        1801,    560.18,    33610.8 ,             1
2024-09-23   , SKU-00132, Automotive , WH-East   ,          4854,           461,        1249,    366.01,  1776612.54,             0
2024-05-26   , SKU-00179, Books      , WH-Central,          2971,            55,        1755,   2580.13,  7665566.23,             0
2024-11-15   , SKU-00241, Toys       , WH-Central,          3299,           122,         985,   1889.94,  6234912.06,             0
2024-08-30   , SKU-00088, Automotive , WH-Central,          3628,            88,         983,    548.15,  1988688.2 ,             0
2024-11-22   , SKU-00201, Home       , WH-East   ,          4766,           310,        1319,   1590.23,  7579036.18,             0
2024-07-04   , SKU-00099, Automotive , WH-East   ,           598,           304,         855,   1606.68,   960794.64,             0
2024-09-03   , SKU-00102, Beauty     , WH-West   ,          4124,           305,         148,   1819.11,  7502009.64,             0
2024-01-19   , SKU-00216, Clothing   , WH-West   ,          1431,           101,        1468,   1266.04,  1811703.24,             0
2024-03-13   , SKU-00051, Office     , WH-North  ,          2064,            58,        1315,   2810.85,  5801594.4 ,             0
2024-03-16   , SKU-00046, Electronics, WH-West   ,          2237,           483,        1597,   2352.72,  5263034.64,             0
2024-01-31   , SKU-00258, Home       , WH-East   ,          1895,           125,        1844,   2160.25,  4093673.75,             0
2024-11-02   , SKU-00047, Groceries  , WH-West   ,          3188,           483,        1648,   2101.92,  6700920.96,             0
2024-08-09   , SKU-00089, Office     , WH-South  ,          3825,            80,        1583,   1120.12,  4284459.0 ,             0
2024-01-27   , SKU-00140, Office     , WH-North  ,           193,           190,        1126,    977.04,   188568.72,             0
2024-01-14   , SKU-00233, Toys       , WH-South  ,           603,           105,        1133,    120.42,    72613.26,             0
2024-03-18   , SKU-00119, Office     , WH-South  ,          4162,           471,        1371,    649.3 ,  2702386.6 ,             0
2024-07-14   , SKU-00272, Office     , WH-North  ,          4336,           289,        1696,    176.08,   763482.88,             0
2024-08-24   , SKU-00280, Groceries  , WH-East   ,          3168,           172,        1483,   2653.91,  8407586.88,             0
2024-01-08   , SKU-00215, Toys       , WH-West   ,          3778,           152,         776,   1323.9 ,  5001694.2 ,             0
2024-01-06   , SKU-00069, Office     , WH-West   ,          3209,            73,        1437,    623.99,  2002383.91,             0
2024-11-19   , SKU-00231, Office     , WH-South  ,          4095,           346,         157,   1374.99,  5630584.05,             0
2024-09-15   , SKU-00256, Electronics, WH-Central,          2836,           231,         686,    979.34,  2777408.24,             0
2024-07-19   , SKU-00229, Toys       , WH-Central,           590,           321,        1949,   2564.62,  1513125.8 ,             0
2024-01-17   , SKU-00247, Clothing   , WH-North  ,            54,           238,        1460,   2774.43,   149819.22,             1
2024-06-26   , SKU-00284, Beauty     , WH-Central,          3844,           339,         783,   2188.02,  8410748.88,             0
2024-04-17   , SKU-00161, Books      , WH-East   ,          3763,           263,         694,   2454.2 ,  9235154.6 ,             0
2024-08-21   , SKU-00131, Toys       , WH-North  ,           912,           351,        1413,   1112.33,  1014444.96,             0
2024-05-11   , SKU-00213, Groceries  , WH-South  ,          1057,            93,         116,   2119.92,  2240755.44,             0
2024-03-18   , SKU-00140, Office     , WH-South  ,          2917,           271,        1351,    977.04,  2850025.68,             0
2024-05-17   , SKU-00269, Books      , WH-West   ,          3471,           336,        1856,   1810.9 ,  6285633.9 ,             0
2024-09-21   , SKU-00249, Groceries  , WH-South  ,          1762,           345,        1572,    963.46,  1697616.52,             0
2024-06-10   , SKU-00218, Groceries  , WH-North  ,          4812,           439,        1831,   1013.47,  4876817.64,             0
2024-08-25   , SKU-00238, Home       , WH-North  ,          3262,           340,        1156,   2559.8 ,  8350067.6 ,             0
2024-12-07   , SKU-00124, Clothing   , WH-East   ,          4041,            73,        1762,   1038.4 ,  4196174.4 ,             0
2024-12-10   , SKU-00037, Home       , WH-East   ,          1173,           271,         828,     75.97,    89112.81,             0
2024-08-03   , SKU-00172, Home       , WH-Central,          1832,           310,         395,   2709.84,  4964426.88,             0
2024-07-26   , SKU-00034, Sports     , WH-Central,           640,           134,         422,   2261.73,  1447507.2 ,             0
2024-04-03   , SKU-00215, Toys       , WH-Central,          3199,           358,         995,   1323.9 ,  4235156.1 ,             0
2024-08-07   , SKU-00080, Toys       , WH-South  ,          1815,           469,         789,   1986.76,  3605969.4 ,             0
2024-02-17   , SKU-00094, Books      , WH-West   ,          1576,           248,        1912,   1040.75,  1640222.0 ,             0
2024-12-14   , SKU-00068, Clothing   , WH-South  ,          2372,           392,         750,    716.81,  1700273.32,             0
2024-06-05   , SKU-00011, Office     , WH-North  ,          1949,            68,         440,    782.87,  1525813.63,             0
2024-08-18   , SKU-00215, Toys       , WH-Central,          2831,            72,         806,   1323.9 ,  3747960.9 ,             0
2024-05-15   , SKU-00049, Clothing   , WH-West   ,           692,           362,        1849,    407.0 ,   281644.0 ,             0
2024-12-16   , SKU-00292, Sports     , WH-South  ,          4769,           373,         157,    124.11,   591880.59,             0
2024-06-03   , SKU-00012, Home       , WH-West   ,           654,           202,         281,   2102.66,  1375139.64,             0
2024-02-01   , SKU-00096, Toys       , WH-South  ,          1877,            67,        1719,   1070.37,  2009084.49,             0
2024-11-27   , SKU-00106, Clothing   , WH-North  ,          1299,           172,        1869,    531.2 ,   690028.8 ,             0
2024-01-05   , SKU-00073, Sports     , WH-Central,           210,           188,        1224,   1329.28,   279148.8 ,             0
2024-05-22   , SKU-00137, Sports     , WH-North  ,          3105,            70,        1697,   1150.77,  3573140.85,             0
2024-01-31   , SKU-00241, Toys       , WH-North  ,          4062,           438,         779,   1889.94,  7676936.28,             0
2024-03-25   , SKU-00130, Books      , WH-West   ,          1226,           164,         747,   2405.93,  2949670.18,             0
2024-04-28   , SKU-00008, Clothing   , WH-East   ,          3902,           220,         188,   1260.57,  4918744.14,             0
2024-05-15   , SKU-00218, Groceries  , WH-Central,          2641,           310,        1935,   1013.47,  2676574.27,             0
2024-03-22   , SKU-00075, Automotive , WH-Central,          3377,           498,        1336,   1856.72,  6270143.44,             0
2024-02-25   , SKU-00187, Toys       , WH-Central,          1539,           424,        1242,   1839.39,  2830821.21,             0
2024-01-21   , SKU-00183, Groceries  , WH-North  ,           887,           482,        1144,   1509.82,  1339210.34,             0
2024-12-10   , SKU-00082, Beauty     , WH-North  ,          4417,           311,        1240,   2134.11,  9426363.87,             0
2024-11-29   , SKU-00135, Toys       , WH-West   ,          1312,           153,        1035,   2789.24,  3659482.88,             0
2024-10-22   , SKU-00213, Groceries  , WH-South  ,          1617,           196,         157,   2119.92,  3427910.64,             0
2024-12-30   , SKU-00290, Clothing   , WH-Central,           190,           389,        1132,    819.21,   155649.9 ,             1
2024-10-31   , SKU-00134, Beauty     , WH-Central,          1890,           325,         619,    560.18,  1058740.2 ,             0
2024-05-28   , SKU-00201, Home       , WH-East   ,          3551,           203,         540,   1590.23,  5646906.73,             0
2024-08-12   , SKU-00082, Beauty     , WH-Central,          2154,           403,        1710,   2134.11,  4596872.94,             0
2024-11-14   , SKU-00160, Automotive , WH-Central,           549,           132,         448,   1710.14,   938866.86,             0
2024-11-09   , SKU-00223, Home       , WH-South  ,          4864,           364,        1797,   1757.48,  8548382.72,             0
2024-06-12   , SKU-00003, Electronics, WH-Central,          4519,           210,        1609,   2470.42, 11163827.98,             0
2024-11-15   , SKU-00127, Office     , WH-West   ,          3857,           276,         673,   2458.86,  9483823.02,             0
2024-02-16   , SKU-00036, Sports     , WH-West   ,          1316,           223,         594,    437.39,   575605.24,             0
2024-12-27   , SKU-00167, Groceries  , WH-Central,          4001,           366,         552,    742.03,  2968862.03,             0
2024-05-03   , SKU-00165, Electronics, WH-South  ,          2184,           188,        1167,    530.56,  1158743.04,             0
2024-06-18   , SKU-00285, Toys       , WH-Central,          3733,           356,        1704,   2599.41,  9703597.53,             0
2024-11-21   , SKU-00067, Automotive , WH-South  ,          4878,           230,        1067,   2528.21, 12332608.38,             0
2024-11-27   , SKU-00041, Sports     , WH-East   ,          3721,           358,         916,     29.68,   110439.28,             0
2024-09-30   , SKU-00199, Automotive , WH-West   ,          3868,           287,        1996,   1638.18,  6336480.24,             0
2024-01-09   , SKU-00074, Books      , WH-North  ,          1438,           399,         913,   2916.99,  4194631.62,             0
2024-06-25   , SKU-00031, Groceries  , WH-West   ,          2416,           279,        1232,   2964.63,  7162546.08,             0
2024-09-12   , SKU-00111, Home       , WH-Central,          3499,           488,        1657,   2888.58, 10107141.42,             0
2024-10-18   , SKU-00108, Sports     , WH-South  ,          1786,           237,         566,   2392.44,  4272897.84,             0
2024-04-04   , SKU-00168, Automotive , WH-West   ,          2620,           140,         730,   1414.48,  3705937.6 ,             0
2024-12-15   , SKU-00042, Beauty     , WH-Central,           712,           152,        1728,    757.47,   539318.64,             0
2024-04-19   , SKU-00114, Books      , WH-West   ,           748,           310,        1231,    418.43,   312985.64,             0
2024-06-24   , SKU-00298, Office     , WH-Central,           801,           452,         942,   2205.63,  1766709.63,             0
2024-12-04   , SKU-00225, Groceries  , WH-East   ,           717,           110,         175,   2102.06,  1507177.02,             0
2024-05-28   , SKU-00189, Groceries  , WH-West   ,          3228,           367,        1449,   1647.26,  5317355.28,             0
2024-01-19   , SKU-00281, Toys       , WH-North  ,          4852,           204,         150,   1302.17,  6318128.84,             0
2024-02-11   , SKU-00272, Office     , WH-West   ,           544,           212,         447,    176.08,    95787.52,             0
2024-03-02   , SKU-00045, Groceries  , WH-North  ,          4847,           224,         951,   2664.46, 12914637.62,             0
2024-08-20   , SKU-00051, Office     , WH-South  ,          2293,           149,        1306,   2810.85,  6445279.05,             0
2024-04-19   , SKU-00040, Automotive , WH-South  ,          4025,           145,        1975,    292.18,  1176024.5 ,             0
2024-03-26   , SKU-00136, Office     , WH-East   ,          1747,           340,         943,   1152.74,  2013836.78,             0
2024-03-16   , SKU-00140, Office     , WH-West   ,           397,           114,         396,    977.04,   387884.88,             0
2024-01-19   , SKU-00052, Sports     , WH-South  ,          3754,           381,        1092,    666.12,  2500614.48,             0
2024-03-22   , SKU-00108, Sports     , WH-East   ,          1742,           309,        1503,   2392.44,  4167630.48,             0
2024-02-18   , SKU-00206, Electronics, WH-South  ,          1312,           491,         468,   2894.37,  3797413.44,             0
2024-01-29   , SKU-00156, Clothing   , WH-West   ,          2298,           450,         987,   1788.58,  4110156.84,             0
2024-12-28   , SKU-00044, Sports     , WH-West   ,          3991,           340,        1946,   1860.7 ,  7426053.7 ,             0
2024-07-17   , SKU-00100, Automotive , WH-North  ,            68,           342,         922,   1265.55,    86057.4 ,             1
2024-05-17   , SKU-00064, Books      , WH-Central,          3856,           435,        1793,   2869.05, 11063056.8 ,             0
2024-06-03   , SKU-00098, Clothing   , WH-East   ,          3202,           448,         806,   2977.32,  9533378.64,             0
2024-04-12   , SKU-00128, Automotive , WH-Central,           141,           217,         455,   2382.49,   335931.09,             1
2024-07-23   , SKU-00260, Office     , WH-Central,          2198,           427,        1255,   2133.23,  4688839.54,             0
2024-04-03   , SKU-00275, Clothing   , WH-South  ,          4539,           199,        1275,   1487.49,  6751717.11,             0
2024-06-07   , SKU-00282, Beauty     , WH-South  ,          2765,           172,        1319,   1954.96,  5405464.4 ,             0
2024-11-11   , SKU-00233, Toys       , WH-Central,          1877,           367,        1278,    120.42,   226028.34,             0
2024-03-25   , SKU-00300, Electronics, WH-South  ,           656,           146,        1877,    127.82,    83849.92,             0
2024-07-02   , SKU-00100, Automotive , WH-West   ,          1471,           476,        1761,   1265.55,  1861624.05,             0
2024-09-19   , SKU-00085, Home       , WH-Central,          1928,           328,         241,   1061.08,  2045762.24,             0
2024-11-25   , SKU-00118, Office     , WH-East   ,           540,           387,        1757,   1613.37,   871219.8 ,             0
2024-09-08   , SKU-00274, Clothing   , WH-West   ,          4236,           428,         211,   1486.3 ,  6295966.8 ,             0
2024-08-18   , SKU-00110, Toys       , WH-West   ,          3999,            85,         918,    749.9 ,  2998850.1 ,             0
2024-02-04   , SKU-00201, Home       , WH-South  ,          4161,           309,         213,   1590.23,  6616947.03,             0
2024-03-10   , SKU-00088, Automotive , WH-North  ,          1736,           462,        1061,    548.15,   951588.4 ,             0
2024-06-19   , SKU-00277, Beauty     , WH-East   ,          1789,           394,        1077,   2696.18,  4823466.02,             0
2024-07-06   , SKU-00176, Sports     , WH-Central,          2434,           357,        1994,   2920.66,  7108886.44,             0
2024-08-10   , SKU-00158, Home       , WH-North  ,          1189,           202,         776,    190.03,   225945.67,             0
2024-02-19   , SKU-00220, Home       , WH-West   ,          4643,           485,        1312,    982.68,  4562583.24,             0
2024-11-27   , SKU-00011, Office     , WH-North  ,          1707,           392,         490,    782.87,  1336359.09,             0
2024-06-07   , SKU-00243, Sports     , WH-Central,          2560,           375,         265,    769.7 ,  1970432.0 ,             0
2024-01-16   , SKU-00036, Sports     , WH-North  ,          3681,           204,         299,    437.39,  1610032.59,             0
2024-04-01   , SKU-00059, Clothing   , WH-South  ,          1185,           222,         732,   1249.94,  1481178.9 ,             0
2024-12-27   , SKU-00249, Groceries  , WH-West   ,          4404,           422,        1060,    963.46,  4243077.84,             0
2024-02-12   , SKU-00137, Sports     , WH-Central,           618,           223,        1370,   1150.77,   711175.86,             0
2024-10-01   , SKU-00006, Sports     , WH-South  ,          1185,           158,        1504,    409.67,   485458.95,             0
2024-08-18   , SKU-00216, Clothing   , WH-North  ,          1504,           350,        1571,   1266.04,  1904124.16,             0
2024-03-13   , SKU-00233, Toys       , WH-Central,          1963,           286,         449,    120.42,   236384.46,             0
2024-06-18   , SKU-00105, Toys       , WH-East   ,           729,           132,         540,    387.91,   282786.39,             0
2024-02-09   , SKU-00299, Beauty     , WH-East   ,          2280,           108,        1860,     28.59,    65185.2 ,             0
2024-04-07   , SKU-00057, Clothing   , WH-West   ,          1246,           382,        1833,    801.62,   998818.52,             0
2024-06-30   , SKU-00135, Toys       , WH-North  ,            67,            82,        1709,   2789.24,   186879.08,             1
2024-12-07   , SKU-00268, Books      , WH-South  ,          3706,            50,         918,   1720.51,  6376210.06,             0
2024-08-06   , SKU-00062, Clothing   , WH-North  ,           904,           136,        1844,    405.29,   366382.16,             0
2024-01-16   , SKU-00264, Books      , WH-South  ,           111,            72,         905,    182.06,    20208.66,             0
2024-07-31   , SKU-00058, Electronics, WH-North  ,          1020,           153,         980,   2802.96,  2859019.2 ,             0
2024-02-10   , SKU-00198, Toys       , WH-West   ,          1774,           128,         557,   2851.25,  5058117.5 ,             0
2024-05-03   , SKU-00269, Books      , WH-North  ,          1801,           414,         890,   1810.9 ,  3261430.9 ,             0
2024-05-19   , SKU-00156, Clothing   , WH-East   ,          4430,           400,        1411,   1788.58,  7923409.4 ,             0
2024-12-28   , SKU-00193, Groceries  , WH-East   ,           798,           251,        1211,   1899.46,  1515769.08,             0
2024-12-31   , SKU-00182, Sports     , WH-West   ,          1961,           283,        1517,    327.57,   642364.77,             0
2024-04-29   , SKU-00116, Clothing   , WH-Central,          1388,           139,         531,   2863.53,  3974579.64,             0
2024-02-21   , SKU-00028, Electronics, WH-East   ,           487,           266,        1090,    343.48,   167274.76,             0
2024-01-30   , SKU-00074, Books      , WH-Central,           451,           246,        1090,   2916.99,  1315562.49,             0
2024-07-13   , SKU-00268, Books      , WH-East   ,           259,           125,        1806,   1720.51,   445612.09,             0
2024-09-27   , SKU-00244, Books      , WH-South  ,          4105,           100,        1758,   1909.52,  7838579.6 ,             0
2024-12-03   , SKU-00127, Office     , WH-North  ,          3181,           184,        1428,   2458.86,  7821633.66,             0
2024-12-24   , SKU-00254, Home       , WH-Central,          2825,           158,         959,   1473.77,  4163400.25,             0
2024-08-16   , SKU-00091, Electronics, WH-South  ,          2118,           313,         709,    975.6 ,  2066320.8 ,             0
2024-12-20   , SKU-00110, Toys       , WH-South  ,          4864,           162,         719,    749.9 ,  3647513.6 ,             0
2024-02-04   , SKU-00099, Automotive , WH-Central,          3326,           104,        1709,   1606.68,  5343817.68,             0
2024-02-21   , SKU-00123, Clothing   , WH-West   ,          3682,           369,         922,   2469.26,  9091815.32,             0
2024-04-18   , SKU-00288, Toys       , WH-West   ,          3905,           264,         559,    225.86,   881983.3 ,             0
2024-10-21   , SKU-00123, Clothing   , WH-West   ,          4008,            82,         162,   2469.26,  9896794.08,             0
2024-11-03   , SKU-00260, Office     , WH-Central,           912,           399,         609,   2133.23,  1945505.76,             0
2024-10-19   , SKU-00025, Automotive , WH-North  ,          3005,           401,        1035,   1148.09,  3450010.45,             0
2024-07-07   , SKU-00245, Home       , WH-West   ,          4141,            93,        1244,   2414.23,  9997326.43,             0
2024-01-05   , SKU-00294, Beauty     , WH-East   ,          4431,           153,         593,    122.78,   544038.18,             0
2024-02-10   , SKU-00027, Automotive , WH-North  ,          1643,           471,         543,   2296.41,  3773001.63,             0
2024-06-06   , SKU-00039, Clothing   , WH-North  ,          3492,           481,         555,   2972.24, 10379062.08,             0
2024-05-24   , SKU-00073, Sports     , WH-Central,          4999,            84,         353,   1329.28,  6645070.72,             0
2024-03-07   , SKU-00120, Toys       , WH-West   ,          3575,           237,         131,   2605.26,  9313804.5 ,             0
2024-11-02   , SKU-00131, Toys       , WH-North  ,          2832,           206,         602,   1112.33,  3150118.56,             0
2024-09-19   , SKU-00256, Electronics, WH-East   ,          1820,           129,         661,    979.34,  1782398.8 ,             0
2024-08-06   , SKU-00025, Automotive , WH-South  ,          1061,           327,        1891,   1148.09,  1218123.49,             0
2024-05-10   , SKU-00286, Sports     , WH-East   ,          3946,           362,         973,   1530.77,  6040418.42,             0
2024-04-04   , SKU-00050, Electronics, WH-West   ,          4942,           289,        1291,   2731.68, 13499962.56,             0
2024-07-19   , SKU-00237, Books      , WH-East   ,          4341,           163,        1339,    843.42,  3661286.22,             0
2024-10-16   , SKU-00071, Books      , WH-East   ,          3425,           390,        1385,     21.46,    73500.5 ,             0
2024-06-21   , SKU-00219, Beauty     , WH-West   ,          2609,           123,        1329,   1272.81,  3320761.29,             0
2024-04-14   , SKU-00187, Toys       , WH-East   ,          3185,           346,        1123,   1839.39,  5858457.15,             0
2024-03-11   , SKU-00201, Home       , WH-East   ,           570,           386,        1223,   1590.23,   906431.1 ,             0
2024-12-07   , SKU-00106, Clothing   , WH-East   ,          4998,           383,         692,    531.2 ,  2654937.6 ,             0
2024-11-14   , SKU-00152, Office     , WH-East   ,          4457,           373,         238,   2705.95, 12060419.15,             0
2024-11-23   , SKU-00234, Clothing   , WH-West   ,           480,           137,         162,   1940.93,   931646.4 ,             0
2024-11-27   , SKU-00070, Automotive , WH-Central,          4746,           438,        1974,   1737.58,  8246554.68,             0
2024-03-09   , SKU-00252, Beauty     , WH-West   ,          2170,           143,        1032,   2863.35,  6213469.5 ,             0
2024-12-02   , SKU-00166, Toys       , WH-East   ,           860,           155,        1721,   2459.79,  2115419.4 ,             0
2024-11-21   , SKU-00238, Home       , WH-East   ,          1955,            67,         465,   2559.8 ,  5004409.0 ,             0
2024-10-27   , SKU-00232, Groceries  , WH-West   ,          4098,           318,        1435,    358.66,  1469788.68,             0
2024-05-11   , SKU-00103, Clothing   , WH-East   ,          1992,           182,         639,    884.89,  1762700.88,             0
2024-12-05   , SKU-00241, Toys       , WH-West   ,          2191,           362,         610,   1889.94,  4140858.54,             0
2024-12-02   , SKU-00041, Sports     , WH-South  ,           602,           273,         588,     29.68,    17867.36,             0
2024-08-04   , SKU-00186, Office     , WH-Central,          4859,            89,         255,   2386.28, 11594934.52,             0
2024-08-17   , SKU-00258, Home       , WH-South  ,          1631,           283,         598,   2160.25,  3523367.75,             0
2024-05-22   , SKU-00191, Groceries  , WH-South  ,          2519,            92,         718,   2093.34,  5273123.46,             0
2024-05-31   , SKU-00118, Office     , WH-West   ,          3780,           144,         694,   1613.37,  6098538.6 ,             0
2024-08-17   , SKU-00131, Toys       , WH-South  ,            10,           416,        1738,   1112.33,    11123.3 ,             1
2024-09-11   , SKU-00218, Groceries  , WH-South  ,          1610,            84,        1338,   1013.47,  1631686.7 ,             0
2024-05-23   , SKU-00020, Office     , WH-West   ,          4781,           325,         255,   2319.23, 11088238.63,             0
2024-11-25   , SKU-00047, Groceries  , WH-North  ,            14,            78,        1521,   2101.92,    29426.88,             1
2024-03-04   , SKU-00043, Automotive , WH-East   ,          2460,           241,         350,   2190.38,  5388334.8 ,             0
2024-06-02   , SKU-00240, Office     , WH-West   ,          4922,           219,         660,     86.59,   426195.98,             0
2024-08-15   , SKU-00237, Books      , WH-Central,           879,           354,        1285,    843.42,   741366.18,             0
2024-07-22   , SKU-00221, Office     , WH-Central,          4459,           138,         823,   2422.93, 10803844.87,             0
2024-06-15   , SKU-00060, Electronics, WH-East   ,          3234,           466,         425,   2735.19,  8845604.46,             0
2024-09-23   , SKU-00205, Toys       , WH-North  ,          3519,           241,         781,   1539.0 ,  5415741.0 ,             0
2024-09-10   , SKU-00026, Books      , WH-North  ,           297,            78,        1967,   2017.35,   599152.95,             0
2024-08-06   , SKU-00124, Clothing   , WH-South  ,           109,           266,         171,   1038.4 ,   113185.6 ,             1
2024-06-04   , SKU-00053, Automotive , WH-Central,          4804,           364,        1763,   2326.28, 11175449.12,             0
2024-03-07   , SKU-00094, Books      , WH-North  ,          2521,           364,         715,   1040.75,  2623730.75,             0
2024-02-10   , SKU-00060, Electronics, WH-West   ,           834,           364,         676,   2735.19,  2281148.46,             0
2024-08-18   , SKU-00141, Beauty     , WH-East   ,          4109,           279,         965,   2826.41, 11613718.69,             0
2024-12-23   , SKU-00174, Sports     , WH-East   ,          1459,           141,        1532,   2596.61,  3788453.99,             0
2024-02-28   , SKU-00195, Books      , WH-North  ,          2703,           163,        1320,   2673.97,  7227740.91,             0
2024-04-10   , SKU-00292, Sports     , WH-South  ,          4371,           158,        1310,    124.11,   542484.81,             0
2024-06-26   , SKU-00079, Sports     , WH-West   ,           109,           203,         289,   2811.32,   306433.88,             1
2024-03-10   , SKU-00248, Groceries  , WH-West   ,          2615,           235,        1917,   1600.3 ,  4184784.5 ,             0
2024-12-23   , SKU-00041, Sports     , WH-North  ,           669,           262,         197,     29.68,    19855.92,             0
2024-08-22   , SKU-00176, Sports     , WH-South  ,          1220,           236,         387,   2920.66,  3563205.2 ,             0
2024-01-29   , SKU-00209, Groceries  , WH-East   ,          4847,           484,         581,   1170.76,  5674673.72,             0
2024-06-07   , SKU-00145, Automotive , WH-West   ,          4027,           271,        1502,   1787.27,  7197336.29,             0
2024-01-05   , SKU-00090, Home       , WH-East   ,          1599,           246,        1811,   2305.17,  3685966.83,             0
2024-04-25   , SKU-00065, Beauty     , WH-North  ,          1128,           225,         828,   1227.59,  1384721.52,             0
2024-06-10   , SKU-00178, Groceries  , WH-South  ,           442,           358,        1981,   2518.39,  1113128.38,             0
2024-05-01   , SKU-00009, Toys       , WH-Central,           806,           406,        1087,    912.25,   735273.5 ,             0
2024-03-21   , SKU-00211, Beauty     , WH-East   ,          1846,           494,         422,    837.62,  1546246.52,             0
2024-04-22   , SKU-00264, Books      , WH-North  ,          4690,           149,         800,    182.06,   853861.4 ,             0
2024-07-21   , SKU-00214, Office     , WH-North  ,           934,           319,         686,   1649.91,  1541015.94,             0
2024-07-15   , SKU-00090, Home       , WH-East   ,          3895,            70,         984,   2305.17,  8978637.15,             0
2024-02-21   , SKU-00157, Home       , WH-East   ,          3003,           191,        1929,   1339.81,  4023449.43,             0
2024-07-28   , SKU-00241, Toys       , WH-South  ,          4640,            66,         755,   1889.94,  8769321.6 ,             0
2024-10-04   , SKU-00034, Sports     , WH-South  ,          1253,           153,        1954,   2261.73,  2833947.69,             0
2024-07-03   , SKU-00208, Toys       , WH-Central,           385,           124,        1897,    875.32,   336998.2 ,             0
2024-07-04   , SKU-00018, Electronics, WH-South  ,          4097,           263,         475,     29.55,   121066.35,             0
2024-11-28   , SKU-00080, Toys       , WH-West   ,           475,            82,        1620,   1986.76,   943711.0 ,             0
2024-09-05   , SKU-00217, Sports     , WH-South  ,          2379,            77,        1412,   2933.99,  6979962.21,             0
2024-03-12   , SKU-00128, Automotive , WH-East   ,          1325,           440,        1401,   2382.49,  3156799.25,             0
2024-05-04   , SKU-00064, Books      , WH-West   ,          2226,           499,        1746,   2869.05,  6386505.3 ,             0
2024-09-04   , SKU-00059, Clothing   , WH-Central,          3990,           498,         783,   1249.94,  4987260.6 ,             0
2024-07-18   , SKU-00277, Beauty     , WH-Central,          3675,           353,        1551,   2696.18,  9908461.5 ,             0
2024-02-26   , SKU-00258, Home       , WH-North  ,          3119,           479,         473,   2160.25,  6737819.75,             0
2024-08-15   , SKU-00249, Groceries  , WH-South  ,          2748,           425,         417,    963.46,  2647588.08,             0
2024-07-20   , SKU-00089, Office     , WH-North  ,           845,           408,         336,   1120.12,   946501.4 ,             0
2024-03-16   , SKU-00075, Automotive , WH-Central,           441,            51,         864,   1856.72,   818813.52,             0
2024-05-16   , SKU-00143, Toys       , WH-Central,          4980,           157,         576,   1997.85,  9949293.0 ,             0
2024-12-23   , SKU-00202, Beauty     , WH-East   ,          2698,           320,        1870,    706.61,  1906433.78,             0
2024-07-15   , SKU-00244, Books      , WH-North  ,          1321,           408,         344,   1909.52,  2522475.92,             0
2024-05-20   , SKU-00275, Clothing   , WH-East   ,          2385,           186,         654,   1487.49,  3547663.65,             0
2024-12-28   , SKU-00153, Electronics, WH-West   ,          4504,           323,         667,   1256.28,  5658285.12,             0
2024-05-07   , SKU-00100, Automotive , WH-Central,          3317,           129,        1903,   1265.55,  4197829.35,             0
2024-10-14   , SKU-00121, Sports     , WH-North  ,           512,           438,         249,    750.73,   384373.76,             0
2024-12-15   , SKU-00133, Groceries  , WH-North  ,          1153,           295,        1203,    266.97,   307816.41,             0
2024-02-03   , SKU-00021, Clothing   , WH-South  ,          3812,           105,         962,   2572.96,  9808123.52,             0
2024-04-07   , SKU-00229, Toys       , WH-North  ,          1003,           323,         775,   2564.62,  2572313.86,             0
2024-05-10   , SKU-00088, Automotive , WH-South  ,          4260,           453,         335,    548.15,  2335119.0 ,             0
2024-10-02   , SKU-00165, Electronics, WH-North  ,          2311,           375,        1451,    530.56,  1226124.16,             0
2024-11-29   , SKU-00189, Groceries  , WH-South  ,          3543,           331,         683,   1647.26,  5836242.18,             0
2024-11-28   , SKU-00264, Books      , WH-North  ,          1173,           215,         221,    182.06,   213556.38,             0
2024-10-25   , SKU-00170, Groceries  , WH-South  ,          2066,           160,        1495,    403.17,   832949.22,             0
2024-09-15   , SKU-00182, Sports     , WH-East   ,          3002,            90,         378,    327.57,   983365.14,             0
2024-09-26   , SKU-00077, Beauty     , WH-North  ,          1843,           204,        1669,   2806.17,  5171771.31,             0
2024-09-17   , SKU-00130, Books      , WH-Central,          3368,           455,         419,   2405.93,  8103172.24,             0
2024-12-16   , SKU-00287, Home       , WH-South  ,          3048,           414,        1583,    631.88,  1925970.24,             0
2024-05-16   , SKU-00113, Automotive , WH-North  ,          2361,           442,        1490,   1608.08,  3796676.88,             0
2024-11-23   , SKU-00197, Sports     , WH-East   ,          3768,           210,        1610,   2268.27,  8546841.36,             0
2024-08-07   , SKU-00135, Toys       , WH-East   ,          3033,           469,        1835,   2789.24,  8459764.92,             0
2024-12-10   , SKU-00240, Office     , WH-Central,          1130,           217,        1177,     86.59,    97846.7 ,             0
2024-11-03   , SKU-00044, Sports     , WH-East   ,          1065,           165,        1715,   1860.7 ,  1981645.5 ,             0
2024-06-22   , SKU-00238, Home       , WH-West   ,          4499,           303,        1962,   2559.8 , 11516540.2 ,             0
2024-09-25   , SKU-00231, Office     , WH-West   ,          2686,           433,         984,   1374.99,  3693223.14,             0
2024-09-13   , SKU-00135, Toys       , WH-South  ,          2757,           388,        1163,   2789.24,  7689934.68,             0
2024-05-13   , SKU-00166, Toys       , WH-North  ,          4024,           183,         871,   2459.79,  9898194.96,             0
2024-10-09   , SKU-00070, Automotive , WH-North  ,           975,           456,        1994,   1737.58,  1694140.5 ,             0
2024-03-04   , SKU-00001, Office     , WH-North  ,           957,           173,         436,   1847.04,  1767617.28,             0
2024-12-21   , SKU-00275, Clothing   , WH-East   ,          1960,           477,         780,   1487.49,  2915480.4 ,             0
2024-10-10   , SKU-00207, Beauty     , WH-East   ,           229,           243,        1650,   1043.78,   239025.62,             1
2024-07-19   , SKU-00205, Toys       , WH-Central,           892,           396,        1985,   1539.0 ,  1372788.0 ,             0
2024-09-24   , SKU-00070, Automotive , WH-Central,           453,           164,         534,   1737.58,   787123.74,             0
2024-07-13   , SKU-00184, Clothing   , WH-West   ,          3587,           327,         940,   1788.84,  6416569.08,             0
2024-11-10   , SKU-00013, Home       , WH-Central,          1911,           423,         577,   2256.9 ,  4312935.9 ,             0
2024-10-17   , SKU-00290, Clothing   , WH-Central,           899,            77,         130,    819.21,   736469.79,             0
2024-10-06   , SKU-00158, Home       , WH-South  ,           359,           388,         875,    190.03,    68220.77,             1
2024-10-05   , SKU-00224, Electronics, WH-North  ,          1797,           329,        1796,   2858.37,  5136490.89,             0
2024-01-12   , SKU-00132, Automotive , WH-West   ,           342,            99,         779,    366.01,   125175.42,             0
2024-03-25   , SKU-00060, Electronics, WH-South  ,          2516,           229,        1841,   2735.19,  6881738.04,             0
2024-08-13   , SKU-00044, Sports     , WH-South  ,          2623,           123,        1021,   1860.7 ,  4880616.1 ,             0
2024-10-05   , SKU-00228, Sports     , WH-South  ,          4564,           199,        1365,   2811.4 , 12831229.6 ,             0
2024-05-16   , SKU-00195, Books      , WH-Central,           336,           165,        1348,   2673.97,   898453.92,             0
2024-11-01   , SKU-00186, Office     , WH-West   ,          4266,            93,         137,   2386.28, 10179870.48,             0
2024-08-12   , SKU-00179, Books      , WH-West   ,          2379,           265,        1392,   2580.13,  6138129.27,             0
2024-04-17   , SKU-00105, Toys       , WH-West   ,          1044,           232,        1773,    387.91,   404978.04,             0
2024-09-15   , SKU-00127, Office     , WH-South  ,          3707,           359,         565,   2458.86,  9114994.02,             0
2024-05-26   , SKU-00005, Books      , WH-East   ,          3127,           445,         851,   2503.34,  7827944.18,             0
2024-06-14   , SKU-00016, Sports     , WH-West   ,          3312,           471,         654,    632.96,  2096363.52,             0
2024-01-25   , SKU-00189, Groceries  , WH-North  ,          3214,           320,        1055,   1647.26,  5294293.64,             0
2024-08-06   , SKU-00094, Books      , WH-Central,          2939,           225,         820,   1040.75,  3058764.25,             0
2024-12-06   , SKU-00260, Office     , WH-South  ,           645,            79,        1812,   2133.23,  1375933.35,             0
2024-07-02   , SKU-00261, Clothing   , WH-South  ,          2921,           476,        1134,   2289.1 ,  6686461.1 ,             0
2024-08-17   , SKU-00170, Groceries  , WH-North  ,           946,           171,        1072,    403.17,   381398.82,             0
2024-01-14   , SKU-00244, Books      , WH-Central,          3518,           389,        1424,   1909.52,  6717691.36,             0
2024-09-27   , SKU-00069, Office     , WH-East   ,          2393,           192,         839,    623.99,  1493208.07,             0
2024-07-18   , SKU-00226, Office     , WH-North  ,          1487,           304,        1068,    954.05,  1418672.35,             0
2024-08-14   , SKU-00121, Sports     , WH-East   ,          3488,           453,        1294,    750.73,  2618546.24,             0
2024-09-16   , SKU-00029, Office     , WH-North  ,          3282,           448,        1956,    267.37,   877508.34,             0
2024-04-10   , SKU-00047, Groceries  , WH-West   ,          3276,           443,         938,   2101.92,  6885889.92,             0
2024-07-07   , SKU-00100, Automotive , WH-West   ,          2756,           351,         533,   1265.55,  3487855.8 ,             0
2024-08-09   , SKU-00186, Office     , WH-South  ,          1810,           369,         461,   2386.28,  4319166.8 ,             0
2024-09-17   , SKU-00094, Books      , WH-South  ,          4914,           140,        1822,   1040.75,  5114245.5 ,             0
2024-11-15   , SKU-00240, Office     , WH-Central,          2588,           129,        1169,     86.59,   224094.92,             0
2024-06-29   , SKU-00250, Home       , WH-Central,          3788,           460,        1121,   2259.21,  8557887.48,             0
2024-11-15   , SKU-00103, Clothing   , WH-East   ,          3397,           360,         526,    884.89,  3005971.33,             0
2024-03-08   , SKU-00191, Groceries  , WH-East   ,           612,           227,        1722,   2093.34,  1281124.08,             0
2024-08-13   , SKU-00121, Sports     , WH-North  ,          2727,           314,         805,    750.73,  2047240.71,             0
2024-11-22   , SKU-00226, Office     , WH-West   ,          2638,           222,         521,    954.05,  2516783.9 ,             0
2024-02-07   , SKU-00220, Home       , WH-West   ,          3122,           192,        1067,    982.68,  3067926.96,             0
2024-03-22   , SKU-00151, Automotive , WH-Central,          1599,           130,         630,   2357.93,  3770330.07,             0
2024-08-01   , SKU-00204, Automotive , WH-North  ,          4289,            94,        1518,   1091.99,  4683545.11,             0
2024-04-06   , SKU-00263, Clothing   , WH-Central,           334,           399,         907,   2648.05,   884448.7 ,             1
2024-03-01   , SKU-00027, Automotive , WH-North  ,          4318,           161,        1444,   2296.41,  9915898.38,             0
2024-02-17   , SKU-00200, Beauty     , WH-West   ,          1760,           138,         251,   1387.53,  2442052.8 ,             0
2024-09-27   , SKU-00260, Office     , WH-West   ,          1973,           229,        1548,   2133.23,  4208862.79,             0
2024-05-12   , SKU-00031, Groceries  , WH-Central,          1576,           213,        1970,   2964.63,  4672256.88,             0
2024-11-11   , SKU-00265, Groceries  , WH-North  ,          2215,           492,         268,   1993.28,  4415115.2 ,             0
2024-10-04   , SKU-00290, Clothing   , WH-West   ,          2966,           306,         214,    819.21,  2429776.86,             0
2024-01-13   , SKU-00242, Home       , WH-West   ,          2200,           404,        1674,   2227.41,  4900302.0 ,             0
2024-09-23   , SKU-00216, Clothing   , WH-East   ,           257,           341,         692,   1266.04,   325372.28,             1
2024-11-08   , SKU-00259, Beauty     , WH-East   ,          2530,           490,         423,    718.91,  1818842.3 ,             0
2024-09-25   , SKU-00251, Sports     , WH-West   ,          3769,           479,         235,   1785.66,  6730152.54,             0
2024-03-05   , SKU-00105, Toys       , WH-East   ,          1484,           335,         619,    387.91,   575658.44,             0
2024-04-23   , SKU-00138, Beauty     , WH-South  ,          4401,           415,        1527,   1116.02,  4911604.02,             0
2024-12-05   , SKU-00264, Books      , WH-East   ,          4263,           127,         434,    182.06,   776121.78,             0
2024-06-08   , SKU-00252, Beauty     , WH-South  ,          4567,           158,         677,   2863.35, 13076919.45,             0
2024-04-02   , SKU-00280, Groceries  , WH-North  ,          1357,           227,        1227,   2653.91,  3601355.87,             0
2024-08-01   , SKU-00163, Clothing   , WH-West   ,          1040,           310,        1272,   2165.19,  2251797.6 ,             0
2024-05-11   , SKU-00290, Clothing   , WH-North  ,          4828,           329,         837,    819.21,  3955145.88,             0
2024-02-17   , SKU-00142, Electronics, WH-North  ,          4900,           285,         297,   1235.92,  6056008.0 ,             0
2024-10-18   , SKU-00051, Office     , WH-North  ,          4152,           109,         945,   2810.85, 11670649.2 ,             0
2024-03-15   , SKU-00037, Home       , WH-South  ,           745,           379,        1424,     75.97,    56597.65,             0
2024-03-29   , SKU-00137, Sports     , WH-South  ,          1068,           370,        1056,   1150.77,  1229022.36,             0
2024-03-20   , SKU-00010, Office     , WH-West   ,           878,           181,        1855,    182.17,   159945.26,             0
2024-08-19   , SKU-00249, Groceries  , WH-North  ,          3111,           282,        1942,    963.46,  2997324.06,             0
2024-11-26   , SKU-00207, Beauty     , WH-West   ,          3027,           317,        1600,   1043.78,  3159522.06,             0
2024-11-07   , SKU-00049, Clothing   , WH-Central,          4173,           346,        1272,    407.0 ,  1698411.0 ,             0
2024-09-22   , SKU-00135, Toys       , WH-South  ,          3273,           288,         358,   2789.24,  9129182.52,             0
2024-12-19   , SKU-00015, Clothing   , WH-West   ,          3067,           113,         689,   1948.89,  5977245.63,             0
2024-07-18   , SKU-00134, Beauty     , WH-South  ,          1285,           199,         987,    560.18,   719831.3 ,             0
2024-06-04   , SKU-00105, Toys       , WH-South  ,          1931,           159,        1437,    387.91,   749054.21,             0
2024-10-22   , SKU-00281, Toys       , WH-East   ,          4141,           350,         557,   1302.17,  5392285.97,             0
2024-10-18   , SKU-00117, Home       , WH-East   ,          3676,           442,        1886,   2422.99,  8906911.24,             0
2024-01-27   , SKU-00294, Beauty     , WH-West   ,           350,           103,        1592,    122.78,    42973.0 ,             0
2024-02-08   , SKU-00042, Beauty     , WH-East   ,          3776,            70,        1342,    757.47,  2860206.72,             0
2024-05-15   , SKU-00267, Electronics, WH-East   ,           132,           398,        1788,    857.18,   113147.76,             1
2024-08-08   , SKU-00011, Office     , WH-Central,          1625,           446,         101,    782.87,  1272163.75,             0
2024-03-30   , SKU-00189, Groceries  , WH-East   ,          3239,           144,        1702,   1647.26,  5335475.14,             0
2024-04-02   , SKU-00297, Office     , WH-West   ,          1508,           208,         535,   2831.97,  4270610.76,             0
2024-04-27   , SKU-00262, Beauty     , WH-West   ,          2654,           469,         398,    105.82,   280846.28,             0
2024-05-03   , SKU-00189, Groceries  , WH-Central,          1250,           268,        1785,   1647.26,  2059075.0 ,             0
2024-11-24   , SKU-00191, Groceries  , WH-Central,          2786,           272,         933,   2093.34,  5832045.24,             0
2024-12-01   , SKU-00264, Books      , WH-North  ,          3688,           432,        1298,    182.06,   671437.28,             0
2024-01-29   , SKU-00060, Electronics, WH-East   ,          3222,           281,         174,   2735.19,  8812782.18,             0
2024-12-31   , SKU-00083, Toys       , WH-Central,          4535,           175,         187,    113.66,   515448.1 ,             0
2024-09-22   , SKU-00276, Office     , WH-Central,          3726,           470,         737,   2186.78,  8147942.28,             0
2024-06-17   , SKU-00197, Sports     , WH-West   ,           908,           189,        1286,   2268.27,  2059589.16,             0
2024-01-31   , SKU-00017, Sports     , WH-North  ,          3265,           156,         671,   1875.95,  6124976.75,             0
2024-06-05   , SKU-00100, Automotive , WH-East   ,          1795,            78,        1075,   1265.55,  2271662.25,             0
2024-04-17   , SKU-00094, Books      , WH-Central,          1506,           398,        1902,   1040.75,  1567369.5 ,             0
2024-01-16   , SKU-00222, Home       , WH-South  ,           778,           159,         908,    293.75,   228537.5 ,             0
2024-07-16   , SKU-00164, Office     , WH-North  ,          2462,           212,        1364,    355.67,   875659.54,             0
2024-05-03   , SKU-00074, Books      , WH-Central,          2005,           326,        1379,   2916.99,  5848564.95,             0
2024-07-10   , SKU-00005, Books      , WH-Central,          2299,           179,         964,   2503.34,  5755178.66,             0
2024-12-16   , SKU-00296, Office     , WH-East   ,          4296,           211,        1905,   1589.95,  6830425.2 ,             0
2024-11-25   , SKU-00138, Beauty     , WH-East   ,          2691,           331,         597,   1116.02,  3003209.82,             0
2024-05-18   , SKU-00103, Clothing   , WH-North  ,          4634,           218,         552,    884.89,  4100580.26,             0
2024-02-27   , SKU-00167, Groceries  , WH-North  ,          3805,           180,        1870,    742.03,  2823424.15,             0
2024-12-15   , SKU-00012, Home       , WH-North  ,          1575,           469,         189,   2102.66,  3311689.5 ,             0
2024-06-07   , SKU-00232, Groceries  , WH-West   ,          4918,           468,        1815,    358.66,  1763889.88,             0
2024-04-25   , SKU-00004, Groceries  , WH-East   ,          2733,           153,         199,   2414.5 ,  6598828.5 ,             0
2024-03-10   , SKU-00115, Sports     , WH-East   ,          2572,            64,        1470,    691.35,  1778152.2 ,             0
2024-04-07   , SKU-00074, Books      , WH-North  ,          2873,           474,        1379,   2916.99,  8380512.27,             0
2024-12-02   , SKU-00138, Beauty     , WH-North  ,           805,           300,        1912,   1116.02,   898396.1 ,             0
2024-09-09   , SKU-00279, Groceries  , WH-Central,          4554,           222,         694,    970.99,  4421888.46,             0
2024-07-26   , SKU-00164, Office     , WH-East   ,          4449,           454,         837,    355.67,  1582375.83,             0
2024-07-08   , SKU-00074, Books      , WH-Central,          3309,           196,        1078,   2916.99,  9652319.91,             0
2024-12-30   , SKU-00243, Sports     , WH-North  ,          4842,           369,        1826,    769.7 ,  3726887.4 ,             0
2024-04-17   , SKU-00120, Toys       , WH-North  ,          3158,           205,        1017,   2605.26,  8227411.08,             0
2024-07-27   , SKU-00057, Clothing   , WH-East   ,          2924,            60,         868,    801.62,  2343936.88,             0
2024-03-13   , SKU-00135, Toys       , WH-Central,           832,           412,        1418,   2789.24,  2320647.68,             0
2024-05-24   , SKU-00295, Groceries  , WH-West   ,          4476,           188,        1193,   1295.53,  5798792.28,             0
2024-04-30   , SKU-00273, Automotive , WH-West   ,          1908,           205,        1682,     95.18,   181603.44,             0
2024-09-27   , SKU-00106, Clothing   , WH-Central,           106,            82,        1473,    531.2 ,    56307.2 ,             0
2024-11-05   , SKU-00251, Sports     , WH-West   ,          3116,           127,        1128,   1785.66,  5564116.56,             0
2024-08-10   , SKU-00017, Sports     , WH-North  ,          3822,           127,         189,   1875.95,  7169880.9 ,             0
2024-11-20   , SKU-00161, Books      , WH-East   ,          2176,           268,        1407,   2454.2 ,  5340339.2 ,             0
2024-08-30   , SKU-00081, Toys       , WH-Central,          2150,           220,        1581,   1782.9 ,  3833235.0 ,             0
2024-02-19   , SKU-00223, Home       , WH-Central,          2127,           238,        1912,   1757.48,  3738159.96,             0
2024-05-25   , SKU-00242, Home       , WH-Central,          3541,           120,        1994,   2227.41,  7887258.81,             0
2024-10-27   , SKU-00205, Toys       , WH-Central,          3131,           121,         975,   1539.0 ,  4818609.0 ,             0
2024-02-21   , SKU-00152, Office     , WH-West   ,           510,           441,         807,   2705.95,  1380034.5 ,             0
2024-08-16   , SKU-00121, Sports     , WH-North  ,           263,           320,         173,    750.73,   197441.99,             1
2024-09-14   , SKU-00196, Clothing   , WH-Central,           942,           229,        1784,   1335.01,  1257579.42,             0
2024-11-21   , SKU-00258, Home       , WH-East   ,          4271,           469,         413,   2160.25,  9226427.75,             0
2024-03-03   , SKU-00186, Office     , WH-North  ,          1531,           295,         624,   2386.28,  3653394.68,             0
2024-10-05   , SKU-00162, Groceries  , WH-West   ,          3783,           379,         756,   1087.46,  4113861.18,             0
2024-07-01   , SKU-00154, Clothing   , WH-East   ,          3767,           417,        1453,   1640.95,  6181458.65,             0
2024-04-05   , SKU-00045, Groceries  , WH-North  ,          1445,           473,         814,   2664.46,  3850144.7 ,             0
2024-08-29   , SKU-00261, Clothing   , WH-West   ,          4110,           311,        1363,   2289.1 ,  9408201.0 ,             0
2024-07-07   , SKU-00256, Electronics, WH-West   ,          2768,           251,        1636,    979.34,  2710813.12,             0
2024-06-07   , SKU-00076, Beauty     , WH-South  ,          4654,           276,        1328,   2908.64, 13536810.56,             0
2024-01-03   , SKU-00095, Automotive , WH-South  ,          4598,           201,         108,   2205.83, 10142406.34,             0
2024-07-23   , SKU-00229, Toys       , WH-West   ,          4253,           332,         770,   2564.62, 10907328.86,             0
2024-03-24   , SKU-00062, Clothing   , WH-South  ,           629,           371,         528,    405.29,   254927.41,             0
2024-06-05   , SKU-00256, Electronics, WH-Central,          2810,            54,        1917,    979.34,  2751945.4 ,             0
2024-09-17   , SKU-00106, Clothing   , WH-East   ,          3839,           115,        1633,    531.2 ,  2039276.8 ,             0